method,file,phi,tp,fp,fn,f1,matched_iou,n_pred,n_gt
ours (watershed),BV2_Phase_A4_2_02d04h00m_3.tif,0.0007375248579544,0,765,2,0.0,,765,2
ours (watershed),BV2_Phase_A4_1_00d00h00m_1.tif,0.0294019703343539,76,0,4,0.9743589743589745,0.8326130688020051,76,80
ours (watershed),BV2_Phase_A4_2_00d12h00m_2.tif,0.0368112431708886,96,3,10,0.9365853658536586,0.8521051156294496,99,106
ours (watershed),BV2_Phase_A4_2_00d12h00m_3.tif,0.0422572508741204,110,0,7,0.9691629955947136,0.8698283352731968,110,117
ours (watershed),BV2_Phase_A4_1_00d08h00m_4.tif,0.0474488331785449,120,2,10,0.9523809523809524,0.8614132963169046,122,130
ours (watershed),BV2_Phase_A4_1_00d12h00m_4.tif,0.0585218098502969,134,2,19,0.9273356401384084,0.8766242164460536,136,153
ours (watershed),BV2_Phase_A4_1_00d16h00m_4.tif,0.0667061146470662,152,4,21,0.9240121580547112,0.8869273126210252,156,173
ours (watershed),SHSY5Y_Phase_A10_1_00d00h00m_1.tif,0.0716887744482031,119,17,51,0.7777777777777778,0.8085784381838343,136,170
ours (watershed),MCF7_Phase_H4_1_00d04h00m_1.tif,0.0813146346427115,72,24,12,0.8,0.7776784700613797,96,84
ours (watershed),Huh7_Phase_A12_1_00d04h00m_4.tif,0.0888376772836557,31,5,4,0.8732394366197183,0.8412003022497283,36,35
ours (watershed),SHSY5Y_Phase_A10_2_00d04h00m_1.tif,0.0926829638330505,84,27,48,0.691358024691358,0.7532957268551863,111,132
ours (watershed),A172_Phase_C7_2_00d00h00m_4.tif,0.0981362103911707,54,2,7,0.9230769230769232,0.8780141175855681,56,61
ours (watershed),BT474_Phase_D3_2_00d00h00m_4.tif,0.1027899897563427,112,6,8,0.9411764705882352,0.8693250636178987,118,120
ours (watershed),BT474_Phase_D3_1_00d00h00m_4.tif,0.1059938376857518,118,11,10,0.9182879377431906,0.8729834582544352,129,128
ours (watershed),MCF7_Phase_H4_1_00d08h00m_3.tif,0.1102085003278018,88,21,5,0.8712871287128713,0.7829191540216982,109,93
ours (watershed),MCF7_Phase_H4_2_00d08h00m_3.tif,0.114781123661495,96,35,10,0.810126582278481,0.7977534815365409,131,106
ours (watershed),Huh7_Phase_A12_2_00d16h00m_2.tif,0.1168020648492064,30,19,12,0.6593406593406593,0.7780507991513852,49,42
ours (watershed),Huh7_Phase_A12_2_00d08h00m_1.tif,0.1206925176191,38,17,13,0.7169811320754716,0.8010421377739662,55,51
ours (watershed),Huh7_Phase_A12_2_00d20h00m_2.tif,0.1242715482954564,37,14,7,0.7789473684210526,0.8271448492792828,51,44
ours (watershed),BV2_Phase_A4_2_01d08h00m_3.tif,0.1262619446568997,236,9,34,0.916504854368932,0.83661235477203,245,270
ours (watershed),A172_Phase_C7_2_00d00h00m_2.tif,0.1295227178485504,87,10,17,0.8656716417910447,0.8460742766306775,97,104
ours (watershed),SkBr3_Phase_G3_1_00d00h00m_3.tif,0.1333436557582902,156,4,15,0.9425981873111784,0.8274343346894586,160,171
ours (watershed),MCF7_Phase_H4_2_00d04h00m_4.tif,0.1361548183457175,126,29,12,0.8600682593856656,0.7924479810974202,155,138
ours (watershed),SHSY5Y_Phase_A10_2_00d12h00m_3.tif,0.1380454535893816,87,51,58,0.6148409893992933,0.7005701507471902,138,145
ours (watershed),SkBr3_Phase_G3_1_00d04h00m_3.tif,0.139890525295022,155,15,12,0.9198813056379822,0.802573261804971,170,167
ours (watershed),SKOV3_Phase_E4_2_00d00h00m_4.tif,0.1426584577141608,44,7,2,0.9072164948453608,0.8415858572623768,51,46
ours (watershed),BV2_Phase_A4_1_01d04h00m_4.tif,0.1448381379753116,273,8,33,0.93015332197615,0.8243480159083049,281,306
ours (watershed),Huh7_Phase_A12_2_03d20h00m_3.tif,0.1468831187172204,27,63,7,0.4354838709677419,0.8007905526076284,90,34
ours (watershed),SKOV3_Phase_F4_2_00d00h00m_4.tif,0.1481236483828706,43,18,8,0.7678571428571429,0.8244703787060262,61,51
ours (watershed),SkBr3_Phase_G3_1_00d00h00m_2.tif,0.1504229474431802,196,3,11,0.9655172413793104,0.8405261251172162,199,207
ours (watershed),Huh7_Phase_A12_2_01d16h00m_2.tif,0.1522591549661302,40,20,15,0.6956521739130435,0.7474071098655116,60,55
ours (watershed),Huh7_Phase_A12_2_02d00h00m_1.tif,0.1542677997978574,42,30,9,0.6829268292682927,0.7820912159877744,72,51
ours (watershed),SkBr3_Phase_G3_1_00d04h00m_4.tif,0.1562341936188849,188,9,13,0.9447236180904522,0.7934304276619182,197,201
ours (watershed),Huh7_Phase_A12_2_00d20h00m_3.tif,0.1577817518028792,46,19,10,0.7603305785123967,0.8034518871962967,65,56
ours (watershed),Huh7_Phase_A12_1_01d16h00m_2.tif,0.1584713477928302,37,33,33,0.5285714285714286,0.7411982485814328,70,70
ours (watershed),Huh7_Phase_A12_2_01d16h00m_3.tif,0.1611137650240333,34,35,19,0.5573770491803278,0.7808925941007796,69,53
ours (watershed),MCF7_Phase_H4_1_00d12h00m_2.tif,0.1638082270268782,118,31,36,0.7788778877887789,0.7738631164492432,149,154
ours (watershed),Huh7_Phase_A12_1_01d20h00m_2.tif,0.1662786145104901,49,20,12,0.7538461538461538,0.7564747982446334,69,61
ours (watershed),MCF7_Phase_H4_1_00d16h00m_2.tif,0.1681999506938327,114,61,27,0.7215189873417721,0.7743488968304952,175,141
ours (watershed),SHSY5Y_Phase_A10_2_01d00h00m_3.tif,0.1699965802556821,104,86,77,0.5606469002695418,0.6898145315091079,190,181
ours (watershed),Huh7_Phase_A12_1_02d04h00m_3.tif,0.173174020569272,41,24,10,0.7068965517241379,0.7805836454451721,65,51
ours (watershed),BT474_Phase_D3_2_00d16h00m_4.tif,0.1764945076212916,103,44,23,0.7545787545787546,0.7813486794096627,147,126
ours (watershed),Huh7_Phase_A12_1_01d16h00m_3.tif,0.1796863701923214,43,22,38,0.589041095890411,0.7808943440324122,65,81
ours (watershed),Huh7_Phase_A12_1_02d16h00m_3.tif,0.1824805747377622,38,25,14,0.6608695652173913,0.7651489671527849,63,52
ours (watershed),SHSY5Y_Phase_A10_2_01d08h00m_4.tif,0.1851556263658183,79,59,76,0.5392491467576792,0.704669311829931,138,155
ours (watershed),BV2_Phase_A4_1_01d16h00m_3.tif,0.187492754179413,379,35,71,0.8773148148148148,0.8269300038800006,414,450
ours (watershed),MCF7_Phase_H4_1_01d00h00m_2.tif,0.1887665939138965,175,57,36,0.7900677200902935,0.7756551829234166,232,211
ours (watershed),SkBr3_Phase_G3_2_00d12h00m_4.tif,0.1910039259178467,198,5,17,0.9473684210526316,0.8816139878337991,203,215
ours (watershed),Huh7_Phase_A12_1_00d04h00m_1.tif,0.1929179481260964,65,24,11,0.7878787878787878,0.806567319470499,89,76
ours (watershed),SKOV3_Phase_F4_1_00d00h00m_1.tif,0.1950236978256121,58,7,5,0.90625,0.8472597586070891,65,63
ours (watershed),BT474_Phase_D3_2_01d00h00m_4.tif,0.1967080236560334,117,55,27,0.740506329113924,0.7792363599400017,172,144
ours (watershed),MCF7_Phase_H4_1_00d12h00m_4.tif,0.199142346754818,181,31,29,0.8578199052132701,0.7882682747511591,212,210
ours (watershed),SHSY5Y_Phase_A10_2_02d04h00m_4.tif,0.2029514238690923,138,102,61,0.6287015945330297,0.6935627981247919,240,199
ours (watershed),A172_Phase_C7_1_00d00h00m_1.tif,0.2058335507266161,59,9,87,0.5514018691588785,0.8792714023327254,68,146
ours (watershed),BT474_Phase_D3_2_01d12h00m_3.tif,0.2070248795345295,109,62,39,0.6833855799373041,0.7876610801469971,171,148
ours (watershed),Huh7_Phase_A12_1_03d08h00m_3.tif,0.2098361360904707,30,30,28,0.5084745762711864,0.7993636789274692,60,58
ours (watershed),BT474_Phase_D3_1_01d12h00m_4.tif,0.2120983371121049,116,49,70,0.6609686609686609,0.7694200532894687,165,186
ours (watershed),BV2_Phase_A4_1_01d20h00m_3.tif,0.2154246559495214,441,72,63,0.8672566371681416,0.8157481407176876,513,504
ours (watershed),BT474_Phase_D3_2_02d04h00m_4.tif,0.2166001582987392,124,97,31,0.6595744680851063,0.7506187747672347,221,155
ours (watershed),BV2_Phase_A4_1_01d20h00m_2.tif,0.2186266480004475,470,65,98,0.8522212148685403,0.8008329038413886,535,568
ours (watershed),BV2_Phase_A4_2_01d20h00m_2.tif,0.2205057551628058,429,30,63,0.9022082018927444,0.7915985768732233,459,492
ours (watershed),Huh7_Phase_A12_1_03d04h00m_2.tif,0.2223006781304651,44,40,12,0.6285714285714286,0.7698303487667029,84,56
ours (watershed),Huh7_Phase_A12_1_03d12h00m_3.tif,0.2246206583260453,25,43,10,0.4854368932038835,0.7380435515454348,68,35
ours (watershed),Huh7_Phase_A12_1_03d16h00m_3.tif,0.2282039785019647,32,47,17,0.5,0.7275496709285973,79,49
ours (watershed),Huh7_Phase_A12_2_03d16h00m_2.tif,0.2313321384670037,27,54,17,0.432,0.7634054605361735,81,44
ours (watershed),BT474_Phase_D3_2_02d16h00m_3.tif,0.2341203089488616,110,113,35,0.5978260869565217,0.7640278639213814,223,145
ours (watershed),Huh7_Phase_A12_1_01d00h00m_1.tif,0.2369281155758306,66,23,10,0.8,0.8161596316190601,89,76
ours (watershed),BT474_Phase_D3_2_04d12h00m_2.tif,0.2390348839051585,103,119,46,0.555256064690027,0.7219452536309455,222,149
ours (watershed),BV2_Phase_A4_2_01d20h00m_3.tif,0.2418549005681811,474,45,81,0.88268156424581,0.8002674429219515,519,555
ours (watershed),MCF7_Phase_H4_2_00d20h00m_2.tif,0.2437779255900471,202,56,30,0.8244897959183674,0.7922366750803814,258,232
ours (watershed),MCF7_Phase_H4_1_01d20h00m_1.tif,0.2460750113363429,226,108,28,0.7687074829931972,0.7819419244650951,334,254
ours (watershed),SHSY5Y_Phase_A10_2_01d16h00m_1.tif,0.2473626677228901,154,154,94,0.5539568345323741,0.6714841024306543,308,248
ours (watershed),Huh7_Phase_A12_1_03d12h00m_2.tif,0.2495064894285503,45,48,10,0.6081081081081081,0.7833116584956825,93,55
ours (watershed),Huh7_Phase_A12_1_03d20h00m_3.tif,0.2521237349759651,30,53,12,0.48,0.7475970024686449,83,42
ours (watershed),MCF7_Phase_H4_1_00d20h00m_4.tif,0.2537020290646659,196,49,29,0.8340425531914893,0.8071622671635276,245,225
ours (watershed),SkBr3_Phase_G3_2_01d08h00m_1.tif,0.255853763931378,279,23,27,0.9177631578947368,0.7815551094004783,302,306
ours (watershed),SkBr3_Phase_G3_2_01d00h00m_1.tif,0.2577601875273078,256,22,24,0.9175627240143368,0.8787406587807183,278,280
ours (watershed),BT474_Phase_D3_2_04d00h00m_2.tif,0.2600584377731598,115,82,86,0.5778894472361809,0.7138881910811831,197,201
ours (watershed),SHSY5Y_Phase_A10_1_01d04h00m_2.tif,0.2631267046820448,157,120,202,0.4937106918238994,0.6775448331843291,277,359
ours (watershed),SkBr3_Phase_G3_2_01d12h00m_4.tif,0.2652523145214181,267,30,19,0.915951972555746,0.7755883109703987,297,286
ours (watershed),SkBr3_Phase_G3_1_01d08h00m_4.tif,0.2678101598011316,242,49,32,0.856637168141593,0.7905070268946843,291,274
ours (watershed),SkBr3_Phase_G3_2_01d04h00m_2.tif,0.2698067688756692,241,16,22,0.926923076923077,0.8778781164768698,257,263
ours (watershed),Huh7_Phase_A12_1_01d08h00m_1.tif,0.2733935830965909,71,24,41,0.6859903381642513,0.7597039583999707,95,112
ours (watershed),BT474_Phase_D3_2_01d16h00m_1.tif,0.2760247847465017,135,52,92,0.6521739130434783,0.751214825486775,187,227
ours (watershed),SkBr3_Phase_G3_2_01d08h00m_3.tif,0.2781882167832071,306,29,38,0.9013254786450664,0.7835922550985139,335,344
ours (watershed),SHSY5Y_Phase_A10_2_01d16h00m_3.tif,0.2794986263931396,156,123,280,0.4363636363636363,0.6702455500735854,279,436
ours (watershed),SkBr3_Phase_G3_2_01d04h00m_3.tif,0.2831740664608851,289,18,25,0.930756843800322,0.8778217714896643,307,314
ours (watershed),SKOV3_Phase_F4_1_00d12h00m_4.tif,0.2874831672038954,30,90,20,0.3529411764705882,0.7567887692652587,120,50
ours (watershed),MCF7_Phase_H4_1_01d20h00m_2.tif,0.2915954931982095,260,173,45,0.7046070460704607,0.7550679513154142,433,305
ours (watershed),SKOV3_Phase_E4_1_00d04h00m_3.tif,0.2958078291630249,46,65,13,0.5411764705882353,0.7615596289144596,111,59
ours (watershed),Huh7_Phase_A12_1_00d20h00m_3.tif,0.2995207502458502,45,21,62,0.5202312138728323,0.8325298257703012,66,107
ours (watershed),SHSY5Y_Phase_A10_1_01d16h00m_3.tif,0.3032984861232484,237,148,188,0.5851851851851851,0.6436212942227956,385,425
ours (watershed),SkBr3_Phase_G3_2_01d16h00m_1.tif,0.3060274814248309,314,37,46,0.8832630098452883,0.7865626926891218,351,360
ours (watershed),Huh7_Phase_A12_2_04d00h00m_4.tif,0.3089952739838308,41,61,20,0.5030674846625767,0.7277728778433059,102,61
ours (watershed),SHSY5Y_Phase_A10_2_01d12h00m_1.tif,0.3114219219842702,138,126,160,0.491103202846975,0.6883660786042322,264,298
ours (watershed),SkBr3_Phase_G3_1_01d20h00m_3.tif,0.3141810295563809,236,47,24,0.8692449355432781,0.887685672486536,283,260
ours (watershed),MCF7_Phase_H4_2_02d00h00m_3.tif,0.3154993471372599,272,143,88,0.7019354838709677,0.7184488538489151,415,360
ours (watershed),SKOV3_Phase_E4_2_00d08h00m_2.tif,0.3190905915373649,51,73,20,0.5230769230769231,0.757984184521254,124,71
ours (watershed),BT474_Phase_D3_1_03d04h00m_4.tif,0.3236079871885817,163,79,66,0.692144373673036,0.7177089698816655,242,229
ours (watershed),SHSY5Y_Phase_A10_2_01d20h00m_3.tif,0.3294207156905809,153,178,139,0.4911717495987159,0.6727857971335768,331,292
ours (watershed),MCF7_Phase_H4_1_02d00h00m_1.tif,0.3314834697333926,283,91,179,0.6770334928229665,0.7458600608448034,374,462
ours (watershed),SkBr3_Phase_G3_1_02d00h00m_3.tif,0.3352176300262214,260,27,24,0.9106830122591943,0.8621328981145826,287,284
ours (watershed),SKOV3_Phase_F4_1_00d08h00m_3.tif,0.3387570954436227,50,48,12,0.625,0.778822451079134,98,62
ours (watershed),MCF7_Phase_H4_1_01d12h00m_4.tif,0.3423966313374308,304,92,93,0.7667087011349306,0.7596495152645024,396,397
ours (watershed),SKOV3_Phase_F4_2_00d16h00m_4.tif,0.3453774674934339,48,76,23,0.4923076923076923,0.728184498934819,124,71
ours (watershed),MCF7_Phase_H4_2_02d00h00m_1.tif,0.3539260380244945,333,110,98,0.7620137299771167,0.7567556745663218,443,431
ours (watershed),SHSY5Y_Phase_A10_1_01d08h00m_2.tif,0.3570909380463368,178,127,179,0.5377643504531722,0.6758977541753939,305,357
ours (watershed),BV2_Phase_A4_2_02d12h00m_4.tif,0.362422195012014,632,94,491,0.6836127636560303,0.7726950902253867,726,1123
ours (watershed),SKOV3_Phase_E4_1_00d04h00m_1.tif,0.3641226873907286,56,88,23,0.5022421524663677,0.7635421131246048,144,79
ours (watershed),A172_Phase_C7_2_00d16h00m_1.tif,0.3682667789827302,78,61,21,0.6554621848739496,0.7938236446182012,139,99
ours (watershed),BT474_Phase_D3_1_03d04h00m_2.tif,0.3745985835063418,179,77,124,0.6404293381037567,0.7467058648970522,256,303
ours (watershed),SkBr3_Phase_G3_2_02d04h00m_3.tif,0.3784471567690063,377,51,47,0.8849765258215962,0.8278273592542114,428,424
ours (watershed),MCF7_Phase_H4_1_02d08h00m_1.tif,0.384207790373675,311,174,100,0.6941964285714286,0.7095853379610222,485,411
ours (watershed),SHSY5Y_Phase_A10_2_01d16h00m_2.tif,0.3876556777207178,209,127,109,0.6391437308868502,0.6857248327476485,336,318
ours (watershed),SkBr3_Phase_G3_2_01d20h00m_1.tif,0.3933343598393845,333,53,50,0.8660598179453837,0.8489763981927734,386,383
ours (watershed),BT474_Phase_D3_1_05d00h00m_4.tif,0.3972270088505216,242,102,167,0.6427622841965471,0.6982469698982411,344,409
ours (watershed),SKOV3_Phase_E4_1_00d04h00m_2.tif,0.400645403327151,63,67,17,0.6,0.7599958869890912,130,80
ours (watershed),Huh7_Phase_A12_1_03d16h00m_1.tif,0.4044489066597377,63,84,48,0.4883720930232558,0.7389293062804513,147,111
ours (watershed),SkBr3_Phase_G3_2_02d08h00m_1.tif,0.4126753135926555,392,51,36,0.9001148105625718,0.8329169549147604,443,428
ours (watershed),BV2_Phase_A4_1_02d12h00m_3.tif,0.4156009574409895,819,127,233,0.8198198198198198,0.7933126022035332,946,1052
ours (watershed),SKOV3_Phase_E4_2_01d08h00m_3.tif,0.4197373761199701,66,99,28,0.5096525096525096,0.7257472949267985,165,94
ours (watershed),A172_Phase_C7_1_01d00h00m_3.tif,0.4295939887456251,98,58,29,0.6925795053003534,0.7414192177731792,156,127
ours (watershed),BV2_Phase_A4_1_03d00h00m_3.tif,0.4342386035839234,936,388,307,0.7292559407869108,0.7850829403973498,1324,1243
ours (watershed),A172_Phase_C7_1_01d08h00m_4.tif,0.4375402089707154,116,125,32,0.596401028277635,0.7431711294847606,241,148
ours (watershed),A172_Phase_C7_2_00d16h00m_2.tif,0.443464680261144,84,107,26,0.5581395348837209,0.7610491847370205,191,110
ours (watershed),Huh7_Phase_A12_1_03d20h00m_1.tif,0.4473774491914329,76,71,41,0.5757575757575758,0.7422165663096718,147,117
ours (watershed),SkBr3_Phase_G3_1_02d08h00m_4.tif,0.4542254804960597,376,37,24,0.9249692496924968,0.8732934553948583,413,400
ours (watershed),Huh7_Phase_A12_2_03d04h00m_1.tif,0.4594225633741279,38,60,69,0.3707317073170731,0.7223032292057867,98,107
ours (watershed),SKOV3_Phase_E4_2_00d16h00m_1.tif,0.4668090302666158,63,92,16,0.5384615384615384,0.7420016437185684,155,79
ours (watershed),MCF7_Phase_H4_1_02d04h00m_4.tif,0.4727780068564118,405,204,140,0.7019064124783362,0.7074957787440671,609,545
ours (watershed),MCF7_Phase_H4_2_02d00h00m_4.tif,0.4762265596317781,490,112,208,0.7538461538461538,0.7598459915594988,602,698
ours (watershed),SkBr3_Phase_G3_1_02d08h00m_2.tif,0.4783392948262718,379,48,27,0.9099639855942376,0.841372537025135,427,406
ours (watershed),BV2_Phase_A4_1_02d16h00m_4.tif,0.4813652485795532,997,329,389,0.7352507374631269,0.7914614578350123,1326,1386
ours (watershed),SKOV3_Phase_E4_1_01d04h00m_4.tif,0.4844538950502637,72,108,27,0.5161290322580645,0.7464867350120462,180,99
ours (watershed),SHSY5Y_Phase_A10_1_01d20h00m_4.tif,0.4897425954709503,261,187,255,0.5414937759336099,0.6711649593150701,448,516
ours (watershed),SkBr3_Phase_G3_1_03d00h00m_3.tif,0.4960537390734145,354,51,52,0.872996300863132,0.8679222352766351,405,406
ours (watershed),SKOV3_Phase_E4_1_00d20h00m_4.tif,0.4985569782561186,53,98,28,0.4568965517241379,0.7413528040315257,151,81
ours (watershed),A172_Phase_C7_1_01d08h00m_3.tif,0.5027165947334037,126,112,40,0.6237623762376238,0.7211776045136947,238,166
ours (watershed),A172_Phase_C7_2_01d00h00m_3.tif,0.5090381120246996,99,72,22,0.678082191780822,0.7394301573885927,171,121
ours (watershed),SHSY5Y_Phase_A10_2_02d16h00m_3.tif,0.5162545786440113,314,237,255,0.5607142857142857,0.6804262492887015,551,569
ours (watershed),SKOV3_Phase_F4_1_01d00h00m_2.tif,0.5206657349486425,72,122,35,0.4784053156146179,0.7401530767671733,194,107
ours (watershed),SHSY5Y_Phase_A10_1_02d12h00m_2.tif,0.5254306994372903,455,264,262,0.6337047353760445,0.6811763481168132,719,717
ours (watershed),SKOV3_Phase_E4_2_01d04h00m_2.tif,0.5345277313701963,101,95,32,0.6139817629179332,0.7620686146236638,196,133
ours (watershed),SkBr3_Phase_G3_2_02d20h00m_1.tif,0.5431049725469721,477,60,49,0.8974600188146754,0.8329830573209475,537,526
ours (watershed),SkBr3_Phase_G3_1_02d20h00m_2.tif,0.5477818668050606,447,70,76,0.8596153846153847,0.8358848801774701,517,523
ours (watershed),SHSY5Y_Phase_A10_1_02d08h00m_1.tif,0.55562100415207,387,281,207,0.6133122028526149,0.7122797548215736,668,594
ours (watershed),SKOV3_Phase_F4_1_01d16h00m_4.tif,0.5617371707003943,64,113,23,0.4848484848484848,0.7821938016346572,177,87
ours (watershed),SkBr3_Phase_G3_2_03d08h00m_2.tif,0.5677904742132884,484,84,67,0.8650580875781948,0.8307730226857593,568,551
ours (watershed),SHSY5Y_Phase_A10_1_02d04h00m_1.tif,0.5744628777862822,355,273,223,0.5887230514096186,0.6772129214919653,628,578
ours (watershed),MCF7_Phase_H4_1_02d12h00m_4.tif,0.5853660441706763,587,162,186,0.771353482260184,0.7470733344706514,749,773
ours (watershed),SkBr3_Phase_G3_2_03d08h00m_4.tif,0.5923533996667588,438,81,68,0.8546341463414634,0.8368774091002363,519,506
ours (watershed),SkBr3_Phase_G3_2_03d12h00m_4.tif,0.6037668222792922,465,78,74,0.8595194085027726,0.8374810260169991,543,539
ours (watershed),SKOV3_Phase_E4_1_00d20h00m_1.tif,0.6111803534746518,73,146,46,0.4319526627218935,0.7088193783552527,219,119
ours (watershed),MCF7_Phase_H4_2_03d16h00m_1.tif,0.6209018373033282,682,310,382,0.6634241245136187,0.736881379231636,992,1064
ours (watershed),SKOV3_Phase_E4_1_01d00h00m_1.tif,0.6279902730277525,87,119,59,0.4943181818181818,0.7617724782355279,206,146
ours (watershed),SkBr3_Phase_G3_2_03d08h00m_1.tif,0.6328579001857547,562,88,61,0.8829536527886881,0.8346052873130294,650,623
ours (watershed),MCF7_Phase_H4_2_02d12h00m_2.tif,0.6489565538953214,566,176,463,0.6391869000564653,0.7449457243164045,742,1029
ours (watershed),MCF7_Phase_H4_1_03d08h00m_3.tif,0.6530734780648965,614,258,249,0.7077809798270893,0.7313021386031263,872,863
ours (watershed),SKOV3_Phase_F4_2_01d08h00m_2.tif,0.6631317093258323,87,122,30,0.5337423312883436,0.7521250293530941,209,117
ours (watershed),MCF7_Phase_H4_2_03d08h00m_2.tif,0.6736426949027488,693,327,573,0.6062992125984252,0.7028831536923829,1020,1266
ours (watershed),SKOV3_Phase_E4_2_01d16h00m_4.tif,0.6815534055397634,97,103,25,0.6024844720496895,0.754770419447011,200,122
ours (watershed),SkBr3_Phase_G3_2_03d12h00m_3.tif,0.6886190432419088,603,71,88,0.8835164835164835,0.8322173248205116,674,691
ours (watershed),SHSY5Y_Phase_A10_1_03d00h00m_3.tif,0.6974546216674177,598,290,388,0.6382070437566703,0.6988881328043831,888,986
ours (watershed),SKOV3_Phase_F4_2_01d12h00m_1.tif,0.7039361254370582,103,125,35,0.5628415300546448,0.7470491430593125,228,138
ours (watershed),SKOV3_Phase_E4_1_01d16h00m_3.tif,0.7178174923513944,103,92,32,0.6242424242424243,0.7626560309862525,195,135
ours (watershed),SKOV3_Phase_E4_2_01d16h00m_2.tif,0.728647390461094,110,111,25,0.6179775280898876,0.768651390997674,221,135
ours (watershed),BV2_Phase_A4_1_02d04h00m_2.tif,0.7376357161003044,776,75,982,0.5948639325412035,0.8361900917715875,851,1758
ours (watershed),A172_Phase_C7_1_02d00h00m_2.tif,0.750573590881781,239,119,152,0.6381842456608812,0.7113956987644046,358,391
ours (watershed),SKOV3_Phase_E4_2_02d04h00m_3.tif,0.7612629919689756,134,115,37,0.638095238095238,0.756833016457333,249,171
ours (watershed),SHSY5Y_Phase_A10_1_03d00h00m_1.tif,0.7732970663516148,545,401,377,0.5835117773019272,0.6839906797553109,946,922
ours (watershed),SHSY5Y_Phase_A10_1_03d08h00m_2.tif,0.7991580852545952,547,428,714,0.4892665474060823,0.6737622425452305,975,1261
ours (watershed),SKOV3_Phase_E4_2_02d08h00m_3.tif,0.8169037991695806,147,129,39,0.6363636363636364,0.7486758624565227,276,186
ours (watershed),SKOV3_Phase_E4_2_02d04h00m_4.tif,0.8348433190832483,137,116,48,0.6255707762557078,0.7347520346875582,253,185
ours (watershed),A172_Phase_C7_2_02d16h00m_4.tif,0.8449416152207169,197,184,128,0.5580736543909348,0.6877840326484322,381,325
ours (watershed),SKOV3_Phase_F4_2_02d00h00m_1.tif,0.8595048470279786,115,175,51,0.5043859649122807,0.7498211487529367,290,166
ours (watershed),SKOV3_Phase_F4_2_02d08h00m_3.tif,0.8677490965089631,155,159,48,0.5996131528046421,0.7723230057422442,314,203
ours (watershed),SKOV3_Phase_E4_1_02d20h00m_2.tif,0.878217421874996,244,142,91,0.6768377253814147,0.7265086905737569,386,335
ours (watershed),SKOV3_Phase_E4_2_02d12h00m_3.tif,0.8898521802611433,150,123,40,0.6479481641468683,0.7427845801819979,273,190
ours (watershed),SKOV3_Phase_E4_1_02d16h00m_2.tif,0.8982656349705043,224,128,79,0.683969465648855,0.723499626360044,352,303
ours (watershed),SKOV3_Phase_E4_1_02d00h00m_1.tif,0.9090176134997876,208,138,57,0.6808510638297872,0.7613291664495794,346,265
connected comp.,BV2_Phase_A4_2_02d04h00m_3.tif,0.0007375248579544,0,77,2,0.0,,77,2
connected comp.,BV2_Phase_A4_1_00d00h00m_1.tif,0.0294019703343539,53,16,27,0.7114093959731543,0.8339188203895849,69,80
connected comp.,BV2_Phase_A4_2_00d12h00m_2.tif,0.0368112431708886,40,20,66,0.4819277108433735,0.8651200148939406,60,106
connected comp.,BV2_Phase_A4_2_00d12h00m_3.tif,0.0422572508741204,35,24,82,0.3977272727272727,0.8569830624526504,59,117
connected comp.,BV2_Phase_A4_1_00d08h00m_4.tif,0.0474488331785449,50,25,80,0.4878048780487805,0.8401128465430381,75,130
connected comp.,BV2_Phase_A4_1_00d12h00m_4.tif,0.0585218098502969,51,24,102,0.4473684210526316,0.8694276792601394,75,153
connected comp.,BV2_Phase_A4_1_00d16h00m_4.tif,0.0667061146470662,53,30,120,0.4140625,0.8378964390979438,83,173
connected comp.,SHSY5Y_Phase_A10_1_00d00h00m_1.tif,0.0716887744482031,35,33,135,0.2941176470588235,0.790867983860881,68,170
connected comp.,MCF7_Phase_H4_1_00d04h00m_1.tif,0.0813146346427115,31,15,53,0.4769230769230769,0.7834525335118435,46,84
connected comp.,Huh7_Phase_A12_1_00d04h00m_4.tif,0.0888376772836557,19,9,16,0.6031746031746031,0.8541124168063816,28,35
connected comp.,SHSY5Y_Phase_A10_2_00d04h00m_1.tif,0.0926829638330505,17,32,115,0.1878453038674033,0.8089149367569407,49,132
connected comp.,A172_Phase_C7_2_00d00h00m_4.tif,0.0981362103911707,43,2,18,0.8113207547169812,0.8445758841600471,45,61
connected comp.,BT474_Phase_D3_2_00d00h00m_4.tif,0.1027899897563427,50,23,70,0.5181347150259067,0.8284147156744541,73,120
connected comp.,BT474_Phase_D3_1_00d00h00m_4.tif,0.1059938376857518,53,24,75,0.5170731707317073,0.8262897699081546,77,128
connected comp.,MCF7_Phase_H4_1_00d08h00m_3.tif,0.1102085003278018,31,19,62,0.4335664335664335,0.773683803071711,50,93
connected comp.,MCF7_Phase_H4_2_00d08h00m_3.tif,0.114781123661495,22,23,84,0.2913907284768212,0.8054034964136982,45,106
connected comp.,Huh7_Phase_A12_2_00d16h00m_2.tif,0.1168020648492064,20,10,22,0.5555555555555556,0.8221390035657473,30,42
connected comp.,Huh7_Phase_A12_2_00d08h00m_1.tif,0.1206925176191,18,7,33,0.4736842105263157,0.8388144828559709,25,51
connected comp.,Huh7_Phase_A12_2_00d20h00m_2.tif,0.1242715482954564,20,6,24,0.5714285714285714,0.8370395372932323,26,44
connected comp.,BV2_Phase_A4_2_01d08h00m_3.tif,0.1262619446568997,23,34,247,0.1406727828746177,0.77127055923605,57,270
connected comp.,A172_Phase_C7_2_00d00h00m_2.tif,0.1295227178485504,56,13,48,0.6473988439306358,0.8029473812478088,69,104
connected comp.,SkBr3_Phase_G3_1_00d00h00m_3.tif,0.1333436557582902,85,29,86,0.5964912280701754,0.8063422065842638,114,171
connected comp.,MCF7_Phase_H4_2_00d04h00m_4.tif,0.1361548183457175,31,25,107,0.3195876288659793,0.8075263924101674,56,138
connected comp.,SHSY5Y_Phase_A10_2_00d12h00m_3.tif,0.1380454535893816,11,42,134,0.1111111111111111,0.8034533431439326,53,145
connected comp.,SkBr3_Phase_G3_1_00d04h00m_3.tif,0.139890525295022,88,24,79,0.6308243727598566,0.7787917966520337,112,167
connected comp.,SKOV3_Phase_E4_2_00d00h00m_4.tif,0.1426584577141608,28,24,18,0.5714285714285714,0.8814132806281074,52,46
connected comp.,BV2_Phase_A4_1_01d04h00m_4.tif,0.1448381379753116,32,41,274,0.1688654353562005,0.7896669534564453,73,306
connected comp.,Huh7_Phase_A12_2_03d20h00m_3.tif,0.1468831187172204,5,23,29,0.1612903225806451,0.8758429565335207,28,34
connected comp.,SKOV3_Phase_F4_2_00d00h00m_4.tif,0.1481236483828706,23,8,28,0.5609756097560976,0.8328036029035895,31,51
connected comp.,SkBr3_Phase_G3_1_00d00h00m_2.tif,0.1504229474431802,76,37,131,0.475,0.8257495208987146,113,207
connected comp.,Huh7_Phase_A12_2_01d16h00m_2.tif,0.1522591549661302,18,12,37,0.4235294117647059,0.7381338814407162,30,55
connected comp.,Huh7_Phase_A12_2_02d00h00m_1.tif,0.1542677997978574,14,10,37,0.3733333333333333,0.7488316447465465,24,51
connected comp.,SkBr3_Phase_G3_1_00d04h00m_4.tif,0.1562341936188849,82,42,119,0.5046153846153846,0.7916472645774556,124,201
connected comp.,Huh7_Phase_A12_2_00d20h00m_3.tif,0.1577817518028792,17,12,39,0.4,0.7778950154176807,29,56
connected comp.,Huh7_Phase_A12_1_01d16h00m_2.tif,0.1584713477928302,9,20,61,0.1818181818181818,0.7189286981276625,29,70
connected comp.,Huh7_Phase_A12_2_01d16h00m_3.tif,0.1611137650240333,17,10,36,0.425,0.8122286331295717,27,53
connected comp.,MCF7_Phase_H4_1_00d12h00m_2.tif,0.1638082270268782,17,24,137,0.1743589743589743,0.7273738147395263,41,154
connected comp.,Huh7_Phase_A12_1_01d20h00m_2.tif,0.1662786145104901,11,20,50,0.2391304347826087,0.7588896282995166,31,61
connected comp.,MCF7_Phase_H4_1_00d16h00m_2.tif,0.1681999506938327,19,23,122,0.2076502732240437,0.8303450615613722,42,141
connected comp.,SHSY5Y_Phase_A10_2_01d00h00m_3.tif,0.1699965802556821,8,51,173,0.0666666666666666,0.7782419585468734,59,181
connected comp.,Huh7_Phase_A12_1_02d04h00m_3.tif,0.173174020569272,17,16,34,0.4047619047619047,0.8468677763175928,33,51
connected comp.,BT474_Phase_D3_2_00d16h00m_4.tif,0.1764945076212916,25,30,101,0.2762430939226519,0.831967234512281,55,126
connected comp.,Huh7_Phase_A12_1_01d16h00m_3.tif,0.1796863701923214,11,19,70,0.1981981981981982,0.8126731680361385,30,81
connected comp.,Huh7_Phase_A12_1_02d16h00m_3.tif,0.1824805747377622,12,17,40,0.2962962962962963,0.8054515997370547,29,52
connected comp.,SHSY5Y_Phase_A10_2_01d08h00m_4.tif,0.1851556263658183,5,48,150,0.048076923076923,0.7092566016897275,53,155
connected comp.,BV2_Phase_A4_1_01d16h00m_3.tif,0.187492754179413,29,56,421,0.108411214953271,0.8192438793807997,85,450
connected comp.,MCF7_Phase_H4_1_01d00h00m_2.tif,0.1887665939138965,8,28,203,0.0647773279352226,0.7226937489807952,36,211
connected comp.,SkBr3_Phase_G3_2_00d12h00m_4.tif,0.1910039259178467,81,26,134,0.5031055900621118,0.8250264652919264,107,215
connected comp.,Huh7_Phase_A12_1_00d04h00m_1.tif,0.1929179481260964,28,14,48,0.4745762711864407,0.825521880628725,42,76
connected comp.,SKOV3_Phase_F4_1_00d00h00m_1.tif,0.1950236978256121,31,9,32,0.6019417475728155,0.8277836795688797,40,63
connected comp.,BT474_Phase_D3_2_01d00h00m_4.tif,0.1967080236560334,27,29,117,0.27,0.8092079001087408,56,144
connected comp.,MCF7_Phase_H4_1_00d12h00m_4.tif,0.199142346754818,18,34,192,0.1374045801526717,0.7741047347884215,52,210
connected comp.,SHSY5Y_Phase_A10_2_02d04h00m_4.tif,0.2029514238690923,5,79,194,0.0353356890459364,0.7223265981061229,84,199
connected comp.,A172_Phase_C7_1_00d00h00m_1.tif,0.2058335507266161,50,9,96,0.4878048780487805,0.8650366740368818,59,146
connected comp.,BT474_Phase_D3_2_01d12h00m_3.tif,0.2070248795345295,25,24,123,0.2538071065989847,0.8411174251432944,49,148
connected comp.,Huh7_Phase_A12_1_03d08h00m_3.tif,0.2098361360904707,12,14,46,0.2857142857142857,0.8059510724605122,26,58
connected comp.,BT474_Phase_D3_1_01d12h00m_4.tif,0.2120983371121049,20,47,166,0.1581027667984189,0.7652969136222276,67,186
connected comp.,BV2_Phase_A4_1_01d20h00m_3.tif,0.2154246559495214,40,49,464,0.1349072512647554,0.8310480620965619,89,504
connected comp.,BT474_Phase_D3_2_02d04h00m_4.tif,0.2166001582987392,16,28,139,0.1608040201005025,0.7787446701176046,44,155
connected comp.,BV2_Phase_A4_1_01d20h00m_2.tif,0.2186266480004475,33,39,535,0.103125,0.8204361258562985,72,568
connected comp.,BV2_Phase_A4_2_01d20h00m_2.tif,0.2205057551628058,37,40,455,0.1300527240773286,0.8336694626367841,77,492
connected comp.,Huh7_Phase_A12_1_03d04h00m_2.tif,0.2223006781304651,7,23,49,0.1627906976744186,0.7542891021056892,30,56
connected comp.,Huh7_Phase_A12_1_03d12h00m_3.tif,0.2246206583260453,14,11,21,0.4666666666666667,0.7977196013117703,25,35
connected comp.,Huh7_Phase_A12_1_03d16h00m_3.tif,0.2282039785019647,9,35,40,0.1935483870967742,0.8917649462044905,44,49
connected comp.,Huh7_Phase_A12_2_03d16h00m_2.tif,0.2313321384670037,6,13,38,0.1904761904761904,0.7196591433577891,19,44
connected comp.,BT474_Phase_D3_2_02d16h00m_3.tif,0.2341203089488616,21,28,124,0.2164948453608247,0.7780300870425313,49,145
connected comp.,Huh7_Phase_A12_1_01d00h00m_1.tif,0.2369281155758306,21,13,55,0.3818181818181818,0.8192329743092672,34,76
connected comp.,BT474_Phase_D3_2_04d12h00m_2.tif,0.2390348839051585,7,31,142,0.0748663101604278,0.8163237936852331,38,149
connected comp.,BV2_Phase_A4_2_01d20h00m_3.tif,0.2418549005681811,29,34,526,0.0938511326860841,0.8185622213715259,63,555
connected comp.,MCF7_Phase_H4_2_00d20h00m_2.tif,0.2437779255900471,19,31,213,0.1347517730496454,0.8324037710147637,50,232
connected comp.,MCF7_Phase_H4_1_01d20h00m_1.tif,0.2460750113363429,7,35,247,0.0472972972972973,0.8731248742142472,42,254
connected comp.,SHSY5Y_Phase_A10_2_01d16h00m_1.tif,0.2473626677228901,3,67,245,0.0188679245283018,0.7235057407734936,70,248
connected comp.,Huh7_Phase_A12_1_03d12h00m_2.tif,0.2495064894285503,7,21,48,0.1686746987951807,0.8284882637095452,28,55
connected comp.,Huh7_Phase_A12_1_03d20h00m_3.tif,0.2521237349759651,15,8,27,0.4615384615384615,0.7625245897457162,23,42
connected comp.,MCF7_Phase_H4_1_00d20h00m_4.tif,0.2537020290646659,21,31,204,0.151624548736462,0.784252485477965,52,225
connected comp.,SkBr3_Phase_G3_2_01d08h00m_1.tif,0.255853763931378,48,55,258,0.2347188264058679,0.7481365672391944,103,306
connected comp.,SkBr3_Phase_G3_2_01d00h00m_1.tif,0.2577601875273078,61,42,219,0.3185378590078329,0.8509179985551746,103,280
connected comp.,BT474_Phase_D3_2_04d00h00m_2.tif,0.2600584377731598,10,41,191,0.0793650793650793,0.887664700954826,51,201
connected comp.,SHSY5Y_Phase_A10_1_01d04h00m_2.tif,0.2631267046820448,1,70,358,0.0046511627906976,0.588957055214724,71,359
connected comp.,SkBr3_Phase_G3_2_01d12h00m_4.tif,0.2652523145214181,33,55,253,0.1764705882352941,0.7367039625549997,88,286
connected comp.,SkBr3_Phase_G3_1_01d08h00m_4.tif,0.2678101598011316,35,45,239,0.1977401129943503,0.7601897743765498,80,274
connected comp.,SkBr3_Phase_G3_2_01d04h00m_2.tif,0.2698067688756692,53,36,210,0.3011363636363636,0.7634435406186533,89,263
connected comp.,Huh7_Phase_A12_1_01d08h00m_1.tif,0.2733935830965909,14,20,98,0.1917808219178082,0.7636482397681287,34,112
connected comp.,BT474_Phase_D3_2_01d16h00m_1.tif,0.2760247847465017,18,36,209,0.1281138790035587,0.7660711717334646,54,227
connected comp.,SkBr3_Phase_G3_2_01d08h00m_3.tif,0.2781882167832071,49,60,295,0.2163355408388521,0.7587755549677063,109,344
connected comp.,SHSY5Y_Phase_A10_2_01d16h00m_3.tif,0.2794986263931396,8,54,428,0.0321285140562249,0.7256891474491685,62,436
connected comp.,SkBr3_Phase_G3_2_01d04h00m_3.tif,0.2831740664608851,57,50,257,0.2707838479809976,0.8180611715486663,107,314
connected comp.,SKOV3_Phase_F4_1_00d12h00m_4.tif,0.2874831672038954,15,11,35,0.3947368421052631,0.8246152781061341,26,50
connected comp.,MCF7_Phase_H4_1_01d20h00m_2.tif,0.2915954931982095,4,24,301,0.024024024024024,0.7766647993269824,28,305
connected comp.,SKOV3_Phase_E4_1_00d04h00m_3.tif,0.2958078291630249,18,8,41,0.4235294117647059,0.8706150032221048,26,59
connected comp.,Huh7_Phase_A12_1_00d20h00m_3.tif,0.2995207502458502,23,11,84,0.3262411347517731,0.8500351225388477,34,107
connected comp.,SHSY5Y_Phase_A10_1_01d16h00m_3.tif,0.3032984861232484,5,78,420,0.0196850393700787,0.6906212185672238,83,425
connected comp.,SkBr3_Phase_G3_2_01d16h00m_1.tif,0.3060274814248309,45,52,315,0.1969365426695842,0.7684102388519817,97,360
connected comp.,Huh7_Phase_A12_2_04d00h00m_4.tif,0.3089952739838308,6,33,55,0.12,0.8739837462162523,39,61
connected comp.,SHSY5Y_Phase_A10_2_01d12h00m_1.tif,0.3114219219842702,7,82,291,0.0361757105943152,0.6681947493668491,89,298
connected comp.,SkBr3_Phase_G3_1_01d20h00m_3.tif,0.3141810295563809,45,30,215,0.2686567164179104,0.7839500432875329,75,260
connected comp.,MCF7_Phase_H4_2_02d00h00m_3.tif,0.3154993471372599,2,32,358,0.0101522842639593,0.8812621773827635,34,360
connected comp.,SKOV3_Phase_E4_2_00d08h00m_2.tif,0.3190905915373649,13,13,58,0.268041237113402,0.884095074415997,26,71
connected comp.,BT474_Phase_D3_1_03d04h00m_4.tif,0.3236079871885817,7,44,222,0.05,0.8848419055827675,51,229
connected comp.,SHSY5Y_Phase_A10_2_01d20h00m_3.tif,0.3294207156905809,5,64,287,0.0277008310249307,0.7335964060077511,69,292
connected comp.,MCF7_Phase_H4_1_02d00h00m_1.tif,0.3314834697333926,7,19,455,0.0286885245901639,0.7287101977000195,26,462
connected comp.,SkBr3_Phase_G3_1_02d00h00m_3.tif,0.3352176300262214,43,37,241,0.2362637362637362,0.8160591534978445,80,284
connected comp.,SKOV3_Phase_F4_1_00d08h00m_3.tif,0.3387570954436227,16,5,46,0.3855421686746988,0.8320698955108621,21,62
connected comp.,MCF7_Phase_H4_1_01d12h00m_4.tif,0.3423966313374308,8,32,389,0.0366132723112128,0.8094139853807779,40,397
connected comp.,SKOV3_Phase_F4_2_00d16h00m_4.tif,0.3453774674934339,15,10,56,0.3125,0.8766109669244669,25,71
connected comp.,MCF7_Phase_H4_2_02d00h00m_1.tif,0.3539260380244945,6,23,425,0.0260869565217391,0.7641316279604813,29,431
connected comp.,SHSY5Y_Phase_A10_1_01d08h00m_2.tif,0.3570909380463368,7,83,350,0.0313199105145413,0.6809875572379391,90,357
connected comp.,BV2_Phase_A4_2_02d12h00m_4.tif,0.362422195012014,27,60,1096,0.0446280991735537,0.7424782505622889,87,1123
connected comp.,SKOV3_Phase_E4_1_00d04h00m_1.tif,0.3641226873907286,11,22,68,0.1964285714285714,0.7722146361945721,33,79
connected comp.,A172_Phase_C7_2_00d16h00m_1.tif,0.3682667789827302,10,13,89,0.1639344262295081,0.821844186893643,23,99
connected comp.,BT474_Phase_D3_1_03d04h00m_2.tif,0.3745985835063418,12,41,291,0.0674157303370786,0.727796637171679,53,303
connected comp.,SkBr3_Phase_G3_2_02d04h00m_3.tif,0.3784471567690063,44,41,380,0.1728880157170923,0.7909338531429558,85,424
connected comp.,MCF7_Phase_H4_1_02d08h00m_1.tif,0.384207790373675,0,25,411,0.0,,25,411
connected comp.,SHSY5Y_Phase_A10_2_01d16h00m_2.tif,0.3876556777207178,4,62,314,0.0208333333333333,0.7659839897549425,66,318
connected comp.,SkBr3_Phase_G3_2_01d20h00m_1.tif,0.3933343598393845,39,41,344,0.1684665226781857,0.7836869771780375,80,383
connected comp.,BT474_Phase_D3_1_05d00h00m_4.tif,0.3972270088505216,7,39,402,0.0307692307692307,0.8399492825993843,46,409
connected comp.,SKOV3_Phase_E4_1_00d04h00m_2.tif,0.400645403327151,12,12,68,0.2307692307692307,0.7967624827941249,24,80
connected comp.,Huh7_Phase_A12_1_03d16h00m_1.tif,0.4044489066597377,7,17,104,0.1037037037037037,0.8433657364511371,24,111
connected comp.,SkBr3_Phase_G3_2_02d08h00m_1.tif,0.4126753135926555,23,38,405,0.0940695296523517,0.8298754192651702,61,428
connected comp.,BV2_Phase_A4_1_02d12h00m_3.tif,0.4156009574409895,33,68,1019,0.05724197745013,0.754116684744164,101,1052
connected comp.,SKOV3_Phase_E4_2_01d08h00m_3.tif,0.4197373761199701,5,11,89,0.0909090909090909,0.8622204556729063,16,94
connected comp.,A172_Phase_C7_1_01d00h00m_3.tif,0.4295939887456251,4,5,123,0.0588235294117647,0.8200934096496092,9,127
connected comp.,BV2_Phase_A4_1_03d00h00m_3.tif,0.4342386035839234,15,72,1228,0.0225563909774436,0.7774888383264874,87,1243
connected comp.,A172_Phase_C7_1_01d08h00m_4.tif,0.4375402089707154,5,7,143,0.0625,0.8692690239418231,12,148
connected comp.,A172_Phase_C7_2_00d16h00m_2.tif,0.443464680261144,8,14,102,0.1212121212121212,0.7890360320816916,22,110
connected comp.,Huh7_Phase_A12_1_03d20h00m_1.tif,0.4473774491914329,9,20,108,0.1232876712328767,0.8202502800260699,29,117
connected comp.,SkBr3_Phase_G3_1_02d08h00m_4.tif,0.4542254804960597,32,25,368,0.1400437636761488,0.7810132925692959,57,400
connected comp.,Huh7_Phase_A12_2_03d04h00m_1.tif,0.4594225633741279,8,11,99,0.1269841269841269,0.8266766390644213,19,107
connected comp.,SKOV3_Phase_E4_2_00d16h00m_1.tif,0.4668090302666158,10,13,69,0.196078431372549,0.8733415436947916,23,79
connected comp.,MCF7_Phase_H4_1_02d04h00m_4.tif,0.4727780068564118,8,28,537,0.027538726333907,0.8082592208840952,36,545
connected comp.,MCF7_Phase_H4_2_02d00h00m_4.tif,0.4762265596317781,3,40,695,0.0080971659919028,0.7021038779673722,43,698
connected comp.,SkBr3_Phase_G3_1_02d08h00m_2.tif,0.4783392948262718,20,27,386,0.0883002207505518,0.7481668046020971,47,406
connected comp.,BV2_Phase_A4_1_02d16h00m_4.tif,0.4813652485795532,14,65,1372,0.0191126279863481,0.8293750522070328,79,1386
connected comp.,SKOV3_Phase_E4_1_01d04h00m_4.tif,0.4844538950502637,11,7,88,0.188034188034188,0.9078533646900694,18,99
connected comp.,SHSY5Y_Phase_A10_1_01d20h00m_4.tif,0.4897425954709503,5,89,511,0.0163934426229508,0.6913290184827848,94,516
connected comp.,SkBr3_Phase_G3_1_03d00h00m_3.tif,0.4960537390734145,26,25,380,0.1137855579868709,0.7963925728674615,51,406
connected comp.,SKOV3_Phase_E4_1_00d20h00m_4.tif,0.4985569782561186,5,4,76,0.1111111111111111,0.9002913327457929,9,81
connected comp.,A172_Phase_C7_1_01d08h00m_3.tif,0.5027165947334037,1,4,165,0.0116959064327485,0.8732545649838883,5,166
connected comp.,A172_Phase_C7_2_01d00h00m_3.tif,0.5090381120246996,4,7,117,0.0606060606060606,0.7862455407532698,11,121
connected comp.,SHSY5Y_Phase_A10_2_02d16h00m_3.tif,0.5162545786440113,1,81,568,0.0030721966205837,0.6929698708751794,82,569
connected comp.,SKOV3_Phase_F4_1_01d00h00m_2.tif,0.5206657349486425,4,8,103,0.0672268907563025,0.7790296986172704,12,107
connected comp.,SHSY5Y_Phase_A10_1_02d12h00m_2.tif,0.5254306994372903,2,85,715,0.0049751243781094,0.6906231072077529,87,717
connected comp.,SKOV3_Phase_E4_2_01d04h00m_2.tif,0.5345277313701963,6,2,127,0.0851063829787234,0.8510193274671781,8,133
connected comp.,SkBr3_Phase_G3_2_02d20h00m_1.tif,0.5431049725469721,19,20,507,0.0672566371681415,0.7497629198618888,39,526
connected comp.,SkBr3_Phase_G3_1_02d20h00m_2.tif,0.5477818668050606,15,18,508,0.0539568345323741,0.836396255666187,33,523
connected comp.,SHSY5Y_Phase_A10_1_02d08h00m_1.tif,0.55562100415207,3,55,591,0.00920245398773,0.6774193214947664,58,594
connected comp.,SKOV3_Phase_F4_1_01d16h00m_4.tif,0.5617371707003943,5,12,82,0.0961538461538461,0.902114158446051,17,87
connected comp.,SkBr3_Phase_G3_2_03d08h00m_2.tif,0.5677904742132884,23,21,528,0.0773109243697479,0.7772400767014898,44,551
connected comp.,SHSY5Y_Phase_A10_1_02d04h00m_1.tif,0.5744628777862822,3,77,575,0.0091185410334346,0.819101905319644,80,578
connected comp.,MCF7_Phase_H4_1_02d12h00m_4.tif,0.5853660441706763,4,28,769,0.0099378881987577,0.8595481909105774,32,773
connected comp.,SkBr3_Phase_G3_2_03d08h00m_4.tif,0.5923533996667588,14,19,492,0.0519480519480519,0.7357068856253102,33,506
connected comp.,SkBr3_Phase_G3_2_03d12h00m_4.tif,0.6037668222792922,13,20,526,0.0454545454545454,0.847829447097276,33,539
connected comp.,SKOV3_Phase_E4_1_00d20h00m_1.tif,0.6111803534746518,6,10,113,0.0888888888888888,0.8608914726772898,16,119
connected comp.,MCF7_Phase_H4_2_03d16h00m_1.tif,0.6209018373033282,1,34,1063,0.0018198362147406,0.5933333333333334,35,1064
connected comp.,SKOV3_Phase_E4_1_01d00h00m_1.tif,0.6279902730277525,6,15,140,0.0718562874251497,0.8768167800286178,21,146
connected comp.,SkBr3_Phase_G3_2_03d08h00m_1.tif,0.6328579001857547,23,17,600,0.0693815987933635,0.7784463195114458,40,623
connected comp.,MCF7_Phase_H4_2_02d12h00m_2.tif,0.6489565538953214,0,50,1029,0.0,,50,1029
connected comp.,MCF7_Phase_H4_1_03d08h00m_3.tif,0.6530734780648965,2,48,861,0.004381161007667,0.8373320394147507,50,863
connected comp.,SKOV3_Phase_F4_2_01d08h00m_2.tif,0.6631317093258323,6,1,111,0.0967741935483871,0.8583757732492064,7,117
connected comp.,MCF7_Phase_H4_2_03d08h00m_2.tif,0.6736426949027488,0,62,1266,0.0,,62,1266
connected comp.,SKOV3_Phase_E4_2_01d16h00m_4.tif,0.6815534055397634,4,4,118,0.0615384615384615,0.8981989497507178,8,122
connected comp.,SkBr3_Phase_G3_2_03d12h00m_3.tif,0.6886190432419088,17,13,674,0.0471567267683772,0.830511113459958,30,691
connected comp.,SHSY5Y_Phase_A10_1_03d00h00m_3.tif,0.6974546216674177,0,58,986,0.0,,58,986
connected comp.,SKOV3_Phase_F4_2_01d12h00m_1.tif,0.7039361254370582,4,2,134,0.0555555555555555,0.8118156160938164,6,138
connected comp.,SKOV3_Phase_E4_1_01d16h00m_3.tif,0.7178174923513944,3,3,132,0.0425531914893617,0.8719428338116074,6,135
connected comp.,SKOV3_Phase_E4_2_01d16h00m_2.tif,0.728647390461094,2,1,133,0.0289855072463768,0.916691583095617,3,135
connected comp.,BV2_Phase_A4_1_02d04h00m_2.tif,0.7376357161003044,30,51,1728,0.032626427406199,0.8604563356047891,81,1758
connected comp.,A172_Phase_C7_1_02d00h00m_2.tif,0.750573590881781,0,2,391,0.0,,2,391
connected comp.,SKOV3_Phase_E4_2_02d04h00m_3.tif,0.7612629919689756,0,1,171,0.0,,1,171
connected comp.,SHSY5Y_Phase_A10_1_03d00h00m_1.tif,0.7732970663516148,2,34,920,0.0041753653444676,0.7613931978032565,36,922
connected comp.,SHSY5Y_Phase_A10_1_03d08h00m_2.tif,0.7991580852545952,0,70,1261,0.0,,70,1261
connected comp.,SKOV3_Phase_E4_2_02d08h00m_3.tif,0.8169037991695806,0,1,186,0.0,,1,186
connected comp.,SKOV3_Phase_E4_2_02d04h00m_4.tif,0.8348433190832483,1,4,184,0.0105263157894736,0.9074889867841408,5,185
connected comp.,A172_Phase_C7_2_02d16h00m_4.tif,0.8449416152207169,0,1,325,0.0,,1,325
connected comp.,SKOV3_Phase_F4_2_02d00h00m_1.tif,0.8595048470279786,0,1,166,0.0,,1,166
connected comp.,SKOV3_Phase_F4_2_02d08h00m_3.tif,0.8677490965089631,0,1,203,0.0,,1,203
connected comp.,SKOV3_Phase_E4_1_02d20h00m_2.tif,0.878217421874996,0,1,335,0.0,,1,335
connected comp.,SKOV3_Phase_E4_2_02d12h00m_3.tif,0.8898521802611433,0,4,190,0.0,,4,190
connected comp.,SKOV3_Phase_E4_1_02d16h00m_2.tif,0.8982656349705043,0,1,303,0.0,,1,303
connected comp.,SKOV3_Phase_E4_1_02d00h00m_1.tif,0.9090176134997876,0,1,265,0.0,,1,265
Cellpose,BV2_Phase_A4_2_02d04h00m_3.tif,0.0007375248579544,1,772,1,0.0025806451612903,0.7162162162162162,773,2
Cellpose,BV2_Phase_A4_1_00d00h00m_1.tif,0.0294019703343539,80,1,0,0.9937888198757764,0.8158342747755185,81,80
Cellpose,BV2_Phase_A4_2_00d12h00m_2.tif,0.0368112431708886,101,4,5,0.957345971563981,0.8396547673312773,105,106
Cellpose,BV2_Phase_A4_2_00d12h00m_3.tif,0.0422572508741204,112,6,5,0.9531914893617022,0.8589929656325018,118,117
Cellpose,BV2_Phase_A4_1_00d08h00m_4.tif,0.0474488331785449,129,5,1,0.9772727272727272,0.8514728859311185,134,130
Cellpose,BV2_Phase_A4_1_00d12h00m_4.tif,0.0585218098502969,146,6,7,0.9573770491803278,0.8647690776148726,152,153
Cellpose,BV2_Phase_A4_1_00d16h00m_4.tif,0.0667061146470662,164,7,9,0.9534883720930232,0.8839348177012253,171,173
Cellpose,SHSY5Y_Phase_A10_1_00d00h00m_1.tif,0.0716887744482031,145,12,25,0.8868501529051988,0.8162150977688507,157,170
Cellpose,MCF7_Phase_H4_1_00d04h00m_1.tif,0.0813146346427115,77,13,7,0.8850574712643678,0.7717320668949104,90,84
Cellpose,Huh7_Phase_A12_1_00d04h00m_4.tif,0.0888376772836557,32,2,3,0.927536231884058,0.8605739382134869,34,35
Cellpose,SHSY5Y_Phase_A10_2_00d04h00m_1.tif,0.0926829638330505,95,19,37,0.7723577235772358,0.7623273635535089,114,132
Cellpose,A172_Phase_C7_2_00d00h00m_4.tif,0.0981362103911707,54,2,7,0.9230769230769232,0.8708456419379966,56,61
Cellpose,BT474_Phase_D3_2_00d00h00m_4.tif,0.1027899897563427,120,2,0,0.9917355371900828,0.8682104382004883,122,120
Cellpose,BT474_Phase_D3_1_00d00h00m_4.tif,0.1059938376857518,124,10,4,0.9465648854961832,0.8727082503542659,134,128
Cellpose,MCF7_Phase_H4_1_00d08h00m_3.tif,0.1102085003278018,85,4,8,0.934065934065934,0.8162938610348508,89,93
Cellpose,MCF7_Phase_H4_2_00d08h00m_3.tif,0.114781123661495,91,12,15,0.8708133971291866,0.8336576614246977,103,106
Cellpose,Huh7_Phase_A12_2_00d16h00m_2.tif,0.1168020648492064,33,1,9,0.868421052631579,0.8430749520605223,34,42
Cellpose,Huh7_Phase_A12_2_00d08h00m_1.tif,0.1206925176191,42,4,9,0.865979381443299,0.837704690399914,46,51
Cellpose,Huh7_Phase_A12_2_00d20h00m_2.tif,0.1242715482954564,39,3,5,0.9069767441860463,0.8517913348625535,42,44
Cellpose,BV2_Phase_A4_2_01d08h00m_3.tif,0.1262619446568997,253,1,17,0.965648854961832,0.8340454960392206,254,270
Cellpose,A172_Phase_C7_2_00d00h00m_2.tif,0.1295227178485504,83,4,21,0.8691099476439791,0.8495412698149862,87,104
Cellpose,SkBr3_Phase_G3_1_00d00h00m_3.tif,0.1333436557582902,170,1,1,0.9941520467836256,0.8446591631296813,171,171
Cellpose,MCF7_Phase_H4_2_00d04h00m_4.tif,0.1361548183457175,125,7,13,0.925925925925926,0.8275728460489836,132,138
Cellpose,SHSY5Y_Phase_A10_2_00d12h00m_3.tif,0.1380454535893816,84,18,61,0.680161943319838,0.708466066470398,102,145
Cellpose,SkBr3_Phase_G3_1_00d04h00m_3.tif,0.139890525295022,164,6,3,0.973293768545994,0.8162078507877634,170,167
Cellpose,SKOV3_Phase_E4_2_00d00h00m_4.tif,0.1426584577141608,44,2,2,0.9565217391304348,0.8948895322314566,46,46
Cellpose,BV2_Phase_A4_1_01d04h00m_4.tif,0.1448381379753116,291,6,15,0.965174129353234,0.8179380490917291,297,306
Cellpose,Huh7_Phase_A12_2_03d20h00m_3.tif,0.1468831187172204,30,24,4,0.6818181818181818,0.8286007445421044,54,34
Cellpose,SKOV3_Phase_F4_2_00d00h00m_4.tif,0.1481236483828706,47,4,4,0.9215686274509804,0.8490934163124721,51,51
Cellpose,SkBr3_Phase_G3_1_00d00h00m_2.tif,0.1504229474431802,202,1,5,0.9853658536585366,0.8591977390093692,203,207
Cellpose,Huh7_Phase_A12_2_01d16h00m_2.tif,0.1522591549661302,40,5,15,0.8,0.8144231773385882,45,55
Cellpose,Huh7_Phase_A12_2_02d00h00m_1.tif,0.1542677997978574,44,2,7,0.9072164948453608,0.8149235407259774,46,51
Cellpose,SkBr3_Phase_G3_1_00d04h00m_4.tif,0.1562341936188849,199,7,2,0.977886977886978,0.8112439445938464,206,201
Cellpose,Huh7_Phase_A12_2_00d20h00m_3.tif,0.1577817518028792,48,7,8,0.8648648648648649,0.8393463362526431,55,56
Cellpose,Huh7_Phase_A12_1_01d16h00m_2.tif,0.1584713477928302,39,10,31,0.6554621848739496,0.786906112438665,49,70
Cellpose,Huh7_Phase_A12_2_01d16h00m_3.tif,0.1611137650240333,34,11,19,0.6938775510204082,0.8143768493220723,45,53
Cellpose,MCF7_Phase_H4_1_00d12h00m_2.tif,0.1638082270268782,124,9,30,0.8641114982578397,0.8151952785000918,133,154
Cellpose,Huh7_Phase_A12_1_01d20h00m_2.tif,0.1662786145104901,52,3,9,0.896551724137931,0.7916598021772214,55,61
Cellpose,MCF7_Phase_H4_1_00d16h00m_2.tif,0.1681999506938327,125,26,16,0.8561643835616438,0.8121709152381212,151,141
Cellpose,SHSY5Y_Phase_A10_2_01d00h00m_3.tif,0.1699965802556821,107,26,74,0.6815286624203821,0.7193641477174355,133,181
Cellpose,Huh7_Phase_A12_1_02d04h00m_3.tif,0.173174020569272,39,10,12,0.78,0.8208521591386942,49,51
Cellpose,BT474_Phase_D3_2_00d16h00m_4.tif,0.1764945076212916,101,18,25,0.8244897959183674,0.7787841045853817,119,126
Cellpose,Huh7_Phase_A12_1_01d16h00m_3.tif,0.1796863701923214,46,5,35,0.696969696969697,0.8245213185545647,51,81
Cellpose,Huh7_Phase_A12_1_02d16h00m_3.tif,0.1824805747377622,36,4,16,0.782608695652174,0.8606805732991578,40,52
Cellpose,SHSY5Y_Phase_A10_2_01d08h00m_4.tif,0.1851556263658183,85,14,70,0.6692913385826772,0.722033917028987,99,155
Cellpose,BV2_Phase_A4_1_01d16h00m_3.tif,0.187492754179413,428,29,22,0.9437706725468578,0.8265926548727308,457,450
Cellpose,MCF7_Phase_H4_1_01d00h00m_2.tif,0.1887665939138965,174,24,37,0.8508557457212714,0.8002650807254896,198,211
Cellpose,SkBr3_Phase_G3_2_00d12h00m_4.tif,0.1910039259178467,207,1,8,0.9787234042553192,0.8815548894122327,208,215
Cellpose,Huh7_Phase_A12_1_00d04h00m_1.tif,0.1929179481260964,67,6,9,0.8993288590604027,0.872489610128693,73,76
Cellpose,SKOV3_Phase_F4_1_00d00h00m_1.tif,0.1950236978256121,60,2,3,0.96,0.8765669294707232,62,63
Cellpose,BT474_Phase_D3_2_01d00h00m_4.tif,0.1967080236560334,113,11,31,0.8432835820895522,0.8025113941482692,124,144
Cellpose,MCF7_Phase_H4_1_00d12h00m_4.tif,0.199142346754818,171,12,39,0.8702290076335878,0.8043480300170863,183,210
Cellpose,SHSY5Y_Phase_A10_2_02d04h00m_4.tif,0.2029514238690923,137,30,62,0.7486338797814208,0.7197792713341608,167,199
Cellpose,A172_Phase_C7_1_00d00h00m_1.tif,0.2058335507266161,66,6,80,0.6055045871559633,0.8803426518143698,72,146
Cellpose,BT474_Phase_D3_2_01d12h00m_3.tif,0.2070248795345295,109,20,39,0.7870036101083032,0.8258538561278874,129,148
Cellpose,Huh7_Phase_A12_1_03d08h00m_3.tif,0.2098361360904707,33,6,25,0.6804123711340206,0.8343861620378588,39,58
Cellpose,BT474_Phase_D3_1_01d12h00m_4.tif,0.2120983371121049,104,31,82,0.6479750778816199,0.7801992860872857,135,186
Cellpose,BV2_Phase_A4_1_01d20h00m_3.tif,0.2154246559495214,479,59,25,0.9193857965451055,0.8193131180549387,538,504
Cellpose,BT474_Phase_D3_2_02d04h00m_4.tif,0.2166001582987392,125,28,30,0.8116883116883117,0.7878658270098331,153,155
Cellpose,BV2_Phase_A4_1_01d20h00m_2.tif,0.2186266480004475,512,38,56,0.9159212880143112,0.8017595834205885,550,568
Cellpose,BV2_Phase_A4_2_01d20h00m_2.tif,0.2205057551628058,441,19,51,0.9264705882352942,0.803184558386235,460,492
Cellpose,Huh7_Phase_A12_1_03d04h00m_2.tif,0.2223006781304651,40,8,16,0.7692307692307693,0.8359362577431357,48,56
Cellpose,Huh7_Phase_A12_1_03d12h00m_3.tif,0.2246206583260453,30,7,5,0.8333333333333334,0.7904743152619366,37,35
Cellpose,Huh7_Phase_A12_1_03d16h00m_3.tif,0.2282039785019647,39,6,10,0.8297872340425532,0.8114676738402398,45,49
Cellpose,Huh7_Phase_A12_2_03d16h00m_2.tif,0.2313321384670037,33,9,11,0.7674418604651163,0.8520004262050781,42,44
Cellpose,BT474_Phase_D3_2_02d16h00m_3.tif,0.2341203089488616,119,48,26,0.7628205128205128,0.7753356674763056,167,145
Cellpose,Huh7_Phase_A12_1_01d00h00m_1.tif,0.2369281155758306,70,7,6,0.915032679738562,0.8330314909349886,77,76
Cellpose,BT474_Phase_D3_2_04d12h00m_2.tif,0.2390348839051585,118,36,31,0.7788778877887789,0.753568042778979,154,149
Cellpose,BV2_Phase_A4_2_01d20h00m_3.tif,0.2418549005681811,506,23,49,0.933579335793358,0.797968846567405,529,555
Cellpose,MCF7_Phase_H4_2_00d20h00m_2.tif,0.2437779255900471,204,24,28,0.8869565217391304,0.8110216919646288,228,232
Cellpose,MCF7_Phase_H4_1_01d20h00m_1.tif,0.2460750113363429,223,86,31,0.7921847246891652,0.7920541000133094,309,254
Cellpose,SHSY5Y_Phase_A10_2_01d16h00m_1.tif,0.2473626677228901,167,38,81,0.7373068432671082,0.7008888676433757,205,248
Cellpose,Huh7_Phase_A12_1_03d12h00m_2.tif,0.2495064894285503,43,10,12,0.7962962962962963,0.8349773487119164,53,55
Cellpose,Huh7_Phase_A12_1_03d20h00m_3.tif,0.2521237349759651,37,6,5,0.8705882352941177,0.8405128516332037,43,42
Cellpose,MCF7_Phase_H4_1_00d20h00m_4.tif,0.2537020290646659,207,14,18,0.9282511210762332,0.8254832556348404,221,225
Cellpose,SkBr3_Phase_G3_2_01d08h00m_1.tif,0.255853763931378,299,7,7,0.977124183006536,0.8009683927402583,306,306
Cellpose,SkBr3_Phase_G3_2_01d00h00m_1.tif,0.2577601875273078,268,9,12,0.96229802513465,0.8919807864705479,277,280
Cellpose,BT474_Phase_D3_2_04d00h00m_2.tif,0.2600584377731598,109,22,92,0.6566265060240963,0.7902534856953594,131,201
Cellpose,SHSY5Y_Phase_A10_1_01d04h00m_2.tif,0.2631267046820448,146,31,213,0.5447761194029851,0.7178032248027773,177,359
Cellpose,SkBr3_Phase_G3_2_01d12h00m_4.tif,0.2652523145214181,277,10,9,0.9668411867364748,0.7927212052938885,287,286
Cellpose,SkBr3_Phase_G3_1_01d08h00m_4.tif,0.2678101598011316,262,14,12,0.9527272727272728,0.8147335907321958,276,274
Cellpose,SkBr3_Phase_G3_2_01d04h00m_2.tif,0.2698067688756692,251,9,12,0.959847036328872,0.8933198896953479,260,263
Cellpose,Huh7_Phase_A12_1_01d08h00m_1.tif,0.2733935830965909,66,6,46,0.717391304347826,0.7845093467758069,72,112
Cellpose,BT474_Phase_D3_2_01d16h00m_1.tif,0.2760247847465017,129,32,98,0.6649484536082474,0.76927451782232,161,227
Cellpose,SkBr3_Phase_G3_2_01d08h00m_3.tif,0.2781882167832071,317,24,27,0.9255474452554744,0.8075222008403599,341,344
Cellpose,SHSY5Y_Phase_A10_2_01d16h00m_3.tif,0.2794986263931396,143,51,293,0.4539682539682539,0.6942373617921084,194,436
Cellpose,SkBr3_Phase_G3_2_01d04h00m_3.tif,0.2831740664608851,303,17,11,0.9558359621451104,0.8906082303995841,320,314
Cellpose,SKOV3_Phase_F4_1_00d12h00m_4.tif,0.2874831672038954,45,1,5,0.9375,0.8157781429291887,46,50
Cellpose,MCF7_Phase_H4_1_01d20h00m_2.tif,0.2915954931982095,264,87,41,0.8048780487804879,0.7667396414130483,351,305
Cellpose,SKOV3_Phase_E4_1_00d04h00m_3.tif,0.2958078291630249,58,2,1,0.9747899159663864,0.8853681063941254,60,59
Cellpose,Huh7_Phase_A12_1_00d20h00m_3.tif,0.2995207502458502,49,3,58,0.6163522012578616,0.8451008281546346,52,107
Cellpose,SHSY5Y_Phase_A10_1_01d16h00m_3.tif,0.3032984861232484,207,50,218,0.6070381231671554,0.6809316861573093,257,425
Cellpose,SkBr3_Phase_G3_2_01d16h00m_1.tif,0.3060274814248309,341,9,19,0.9605633802816902,0.8026843629534015,350,360
Cellpose,Huh7_Phase_A12_2_04d00h00m_4.tif,0.3089952739838308,44,7,17,0.7857142857142857,0.8169778711551333,51,61
Cellpose,SHSY5Y_Phase_A10_2_01d12h00m_1.tif,0.3114219219842702,144,28,154,0.6127659574468085,0.704416708647877,172,298
Cellpose,SkBr3_Phase_G3_1_01d20h00m_3.tif,0.3141810295563809,248,20,12,0.9393939393939394,0.8911316474917489,268,260
Cellpose,MCF7_Phase_H4_2_02d00h00m_3.tif,0.3154993471372599,287,49,73,0.8247126436781609,0.736743451760467,336,360
Cellpose,SKOV3_Phase_E4_2_00d08h00m_2.tif,0.3190905915373649,68,3,3,0.9577464788732394,0.8585401047535572,71,71
Cellpose,BT474_Phase_D3_1_03d04h00m_4.tif,0.3236079871885817,157,32,72,0.7511961722488039,0.7493036775760314,189,229
Cellpose,SHSY5Y_Phase_A10_2_01d20h00m_3.tif,0.3294207156905809,161,51,131,0.6388888888888888,0.712847651474992,212,292
Cellpose,MCF7_Phase_H4_1_02d00h00m_1.tif,0.3314834697333926,304,25,158,0.7686472819216182,0.7650275712478161,329,462
Cellpose,SkBr3_Phase_G3_1_02d00h00m_3.tif,0.3352176300262214,267,3,17,0.9638989169675092,0.8729875020049667,270,284
Cellpose,SKOV3_Phase_F4_1_00d08h00m_3.tif,0.3387570954436227,56,2,6,0.9333333333333332,0.8534079833777486,58,62
Cellpose,MCF7_Phase_H4_1_01d12h00m_4.tif,0.3423966313374308,309,34,88,0.8351351351351352,0.7781566166012424,343,397
Cellpose,SKOV3_Phase_F4_2_00d16h00m_4.tif,0.3453774674934339,60,2,11,0.9022556390977444,0.8777384180093732,62,71
Cellpose,MCF7_Phase_H4_2_02d00h00m_1.tif,0.3539260380244945,353,51,78,0.8455089820359282,0.7832893600378266,404,431
Cellpose,SHSY5Y_Phase_A10_1_01d08h00m_2.tif,0.3570909380463368,169,31,188,0.6068222621184919,0.6973501194244321,200,357
Cellpose,BV2_Phase_A4_2_02d12h00m_4.tif,0.362422195012014,761,26,362,0.7968586387434555,0.7891779185992625,787,1123
Cellpose,SKOV3_Phase_E4_1_00d04h00m_1.tif,0.3641226873907286,72,6,7,0.9171974522292994,0.8608568930124095,78,79
Cellpose,A172_Phase_C7_2_00d16h00m_1.tif,0.3682667789827302,88,6,11,0.911917098445596,0.8188267351362906,94,99
Cellpose,BT474_Phase_D3_1_03d04h00m_2.tif,0.3745985835063418,213,25,90,0.7874306839186691,0.7678198682777642,238,303
Cellpose,SkBr3_Phase_G3_2_02d04h00m_3.tif,0.3784471567690063,407,17,17,0.9599056603773584,0.8415929599190253,424,424
Cellpose,MCF7_Phase_H4_1_02d08h00m_1.tif,0.384207790373675,325,101,86,0.7765830346475507,0.7209935451323048,426,411
Cellpose,SHSY5Y_Phase_A10_2_01d16h00m_2.tif,0.3876556777207178,202,29,116,0.7358834244080146,0.726096564200756,231,318
Cellpose,SkBr3_Phase_G3_2_01d20h00m_1.tif,0.3933343598393845,355,15,28,0.9428950863213812,0.8555705145410345,370,383
Cellpose,BT474_Phase_D3_1_05d00h00m_4.tif,0.3972270088505216,256,41,153,0.7252124645892352,0.7179812484220172,297,409
Cellpose,SKOV3_Phase_E4_1_00d04h00m_2.tif,0.400645403327151,75,9,5,0.9146341463414634,0.8404777049983808,84,80
Cellpose,Huh7_Phase_A12_1_03d16h00m_1.tif,0.4044489066597377,76,8,35,0.7794871794871795,0.7963302370527207,84,111
Cellpose,SkBr3_Phase_G3_2_02d08h00m_1.tif,0.4126753135926555,403,26,25,0.94049008168028,0.852522055258136,429,428
Cellpose,BV2_Phase_A4_1_02d12h00m_3.tif,0.4156009574409895,922,65,130,0.9043648847474252,0.7845092760080097,987,1052
Cellpose,SKOV3_Phase_E4_2_01d08h00m_3.tif,0.4197373761199701,82,10,12,0.8817204301075269,0.8106476554961539,92,94
Cellpose,A172_Phase_C7_1_01d00h00m_3.tif,0.4295939887456251,89,10,38,0.7876106194690266,0.7819375616938639,99,127
Cellpose,BV2_Phase_A4_1_03d00h00m_3.tif,0.4342386035839234,1107,391,136,0.8077344035023714,0.7778375556158598,1498,1243
Cellpose,A172_Phase_C7_1_01d08h00m_4.tif,0.4375402089707154,127,17,21,0.8698630136986302,0.8078346726807907,144,148
Cellpose,A172_Phase_C7_2_00d16h00m_2.tif,0.443464680261144,99,5,11,0.9252336448598132,0.8326651324117713,104,110
Cellpose,Huh7_Phase_A12_1_03d20h00m_1.tif,0.4473774491914329,66,14,51,0.6700507614213198,0.7864421647807162,80,117
Cellpose,SkBr3_Phase_G3_1_02d08h00m_4.tif,0.4542254804960597,388,2,12,0.9822784810126582,0.8959077096497844,390,400
Cellpose,Huh7_Phase_A12_2_03d04h00m_1.tif,0.4594225633741279,36,9,71,0.4736842105263157,0.8039914029398891,45,107
Cellpose,SKOV3_Phase_E4_2_00d16h00m_1.tif,0.4668090302666158,76,8,3,0.9325153374233128,0.8479547854308942,84,79
Cellpose,MCF7_Phase_H4_1_02d04h00m_4.tif,0.4727780068564118,427,116,118,0.7849264705882353,0.7117114439825097,543,545
Cellpose,MCF7_Phase_H4_2_02d00h00m_4.tif,0.4762265596317781,496,36,202,0.8065040650406504,0.7854937757453451,532,698
Cellpose,SkBr3_Phase_G3_1_02d08h00m_2.tif,0.4783392948262718,384,14,22,0.9552238805970148,0.8402859609388195,398,406
Cellpose,BV2_Phase_A4_1_02d16h00m_4.tif,0.4813652485795532,1201,197,185,0.8627873563218391,0.8056340148023815,1398,1386
Cellpose,SKOV3_Phase_E4_1_01d04h00m_4.tif,0.4844538950502637,88,8,11,0.9025641025641026,0.8477205911771022,96,99
Cellpose,SHSY5Y_Phase_A10_1_01d20h00m_4.tif,0.4897425954709503,250,46,266,0.6157635467980296,0.7046552670500481,296,516
Cellpose,SkBr3_Phase_G3_1_03d00h00m_3.tif,0.4960537390734145,366,3,40,0.944516129032258,0.8710598315482307,369,406
Cellpose,SKOV3_Phase_E4_1_00d20h00m_4.tif,0.4985569782561186,72,2,9,0.9290322580645162,0.8536069833877067,74,81
Cellpose,A172_Phase_C7_1_01d08h00m_3.tif,0.5027165947334037,131,9,35,0.8562091503267973,0.793632005826704,140,166
Cellpose,A172_Phase_C7_2_01d00h00m_3.tif,0.5090381120246996,102,4,19,0.8986784140969163,0.8061762739109619,106,121
Cellpose,SHSY5Y_Phase_A10_2_02d16h00m_3.tif,0.5162545786440113,325,56,244,0.6842105263157895,0.7161011533626206,381,569
Cellpose,SKOV3_Phase_F4_1_01d00h00m_2.tif,0.5206657349486425,93,8,14,0.8942307692307693,0.8235919539195314,101,107
Cellpose,SHSY5Y_Phase_A10_1_02d12h00m_2.tif,0.5254306994372903,430,51,287,0.7178631051752922,0.7231532140020389,481,717
Cellpose,SKOV3_Phase_E4_2_01d04h00m_2.tif,0.5345277313701963,113,9,20,0.8862745098039215,0.8360259626593423,122,133
Cellpose,SkBr3_Phase_G3_2_02d20h00m_1.tif,0.5431049725469721,489,26,37,0.9394812680115274,0.8500432417761074,515,526
Cellpose,SkBr3_Phase_G3_1_02d20h00m_2.tif,0.5477818668050606,466,10,57,0.9329329329329328,0.8470091575050228,476,523
Cellpose,SHSY5Y_Phase_A10_1_02d08h00m_1.tif,0.55562100415207,384,63,210,0.7377521613832853,0.7496988613776866,447,594
Cellpose,SKOV3_Phase_F4_1_01d16h00m_4.tif,0.5617371707003943,86,3,1,0.9772727272727272,0.8487190087520272,89,87
Cellpose,SkBr3_Phase_G3_2_03d08h00m_2.tif,0.5677904742132884,510,11,41,0.9514925373134328,0.8375800200618359,521,551
Cellpose,SHSY5Y_Phase_A10_1_02d04h00m_1.tif,0.5744628777862822,352,69,226,0.7047047047047047,0.7148411083252395,421,578
Cellpose,MCF7_Phase_H4_1_02d12h00m_4.tif,0.5853660441706763,589,62,184,0.827247191011236,0.7667629626678809,651,773
Cellpose,SkBr3_Phase_G3_2_03d08h00m_4.tif,0.5923533996667588,463,19,43,0.937246963562753,0.8505771820011109,482,506
Cellpose,SkBr3_Phase_G3_2_03d12h00m_4.tif,0.6037668222792922,481,17,58,0.927675988428158,0.8465661113062309,498,539
Cellpose,SKOV3_Phase_E4_1_00d20h00m_1.tif,0.6111803534746518,105,10,14,0.8974358974358975,0.8073184228880982,115,119
Cellpose,MCF7_Phase_H4_2_03d16h00m_1.tif,0.6209018373033282,748,157,316,0.7597765363128491,0.7540867016498338,905,1064
Cellpose,SKOV3_Phase_E4_1_01d00h00m_1.tif,0.6279902730277525,116,8,30,0.8592592592592593,0.8074832241568364,124,146
Cellpose,SkBr3_Phase_G3_2_03d08h00m_1.tif,0.6328579001857547,592,16,31,0.9618196588139724,0.8477098615937798,608,623
Cellpose,MCF7_Phase_H4_2_02d12h00m_2.tif,0.6489565538953214,609,25,420,0.7324113048707156,0.7715037321403616,634,1029
Cellpose,MCF7_Phase_H4_1_03d08h00m_3.tif,0.6530734780648965,612,89,251,0.782608695652174,0.7548814500977343,701,863
Cellpose,SKOV3_Phase_F4_2_01d08h00m_2.tif,0.6631317093258323,101,9,16,0.8898678414096917,0.8528937080708521,110,117
Cellpose,MCF7_Phase_H4_2_03d08h00m_2.tif,0.6736426949027488,706,130,560,0.6717411988582302,0.7251519899851607,836,1266
Cellpose,SKOV3_Phase_E4_2_01d16h00m_4.tif,0.6815534055397634,118,9,4,0.9477911646586346,0.8220981573722457,127,122
Cellpose,SkBr3_Phase_G3_2_03d12h00m_3.tif,0.6886190432419088,626,19,65,0.937125748502994,0.834517030671587,645,691
Cellpose,SHSY5Y_Phase_A10_1_03d00h00m_3.tif,0.6974546216674177,498,63,488,0.6438267614738203,0.7387519119664893,561,986
Cellpose,SKOV3_Phase_F4_2_01d12h00m_1.tif,0.7039361254370582,126,4,12,0.9402985074626866,0.8431118402741757,130,138
Cellpose,SKOV3_Phase_E4_1_01d16h00m_3.tif,0.7178174923513944,127,1,8,0.9657794676806084,0.84096020951571,128,135
Cellpose,SKOV3_Phase_E4_2_01d16h00m_2.tif,0.728647390461094,132,14,3,0.9395017793594306,0.8349116798789556,146,135
Cellpose,BV2_Phase_A4_1_02d04h00m_2.tif,0.7376357161003044,844,43,914,0.6381852551984877,0.8413453659148621,887,1758
Cellpose,A172_Phase_C7_1_02d00h00m_2.tif,0.750573590881781,215,34,176,0.671875,0.7555816666982262,249,391
Cellpose,SKOV3_Phase_E4_2_02d04h00m_3.tif,0.7612629919689756,146,9,25,0.8957055214723927,0.8248793612743249,155,171
Cellpose,SHSY5Y_Phase_A10_1_03d00h00m_1.tif,0.7732970663516148,497,112,425,0.6492488569562378,0.7198470944206794,609,922
Cellpose,SHSY5Y_Phase_A10_1_03d08h00m_2.tif,0.7991580852545952,447,133,814,0.485605649103748,0.7012368026651477,580,1261
Cellpose,SKOV3_Phase_E4_2_02d08h00m_3.tif,0.8169037991695806,165,7,21,0.9217877094972068,0.7983613070121949,172,186
Cellpose,SKOV3_Phase_E4_2_02d04h00m_4.tif,0.8348433190832483,158,19,27,0.8729281767955801,0.7981342425911597,177,185
Cellpose,A172_Phase_C7_2_02d16h00m_4.tif,0.8449416152207169,191,45,134,0.6809269162210339,0.71914832941567,236,325
Cellpose,SKOV3_Phase_F4_2_02d00h00m_1.tif,0.8595048470279786,152,13,14,0.918429003021148,0.8268253877171304,165,166
Cellpose,SKOV3_Phase_F4_2_02d08h00m_3.tif,0.8677490965089631,178,12,25,0.905852417302799,0.8324858962696764,190,203
Cellpose,SKOV3_Phase_E4_1_02d20h00m_2.tif,0.878217421874996,239,42,96,0.775974025974026,0.755668289227394,281,335
Cellpose,SKOV3_Phase_E4_2_02d12h00m_3.tif,0.8898521802611433,169,12,21,0.9110512129380054,0.8047849030173587,181,190
Cellpose,SKOV3_Phase_E4_1_02d16h00m_2.tif,0.8982656349705043,234,24,69,0.8342245989304813,0.7673984636315139,258,303
Cellpose,SKOV3_Phase_E4_1_02d00h00m_1.tif,0.9090176134997876,209,7,56,0.8690228690228691,0.8274879095552641,216,265
StarDist,BV2_Phase_A4_2_02d04h00m_3.tif,0.0007375248579544453,0,1,2,0.0,,1,2
StarDist,BV2_Phase_A4_1_00d00h00m_1.tif,0.029401970334353926,0,0,80,0.0,,0,80
StarDist,BV2_Phase_A4_2_00d12h00m_2.tif,0.036811243170888616,0,0,106,0.0,,0,106
StarDist,BV2_Phase_A4_2_00d12h00m_3.tif,0.042257250874120474,0,1,117,0.0,,1,117
StarDist,BV2_Phase_A4_1_00d08h00m_4.tif,0.04744883317854499,0,0,130,0.0,,0,130
StarDist,BV2_Phase_A4_1_00d12h00m_4.tif,0.05852180985029693,0,0,153,0.0,,0,153
StarDist,BV2_Phase_A4_1_00d16h00m_4.tif,0.06670611464706629,0,0,173,0.0,,0,173
StarDist,SHSY5Y_Phase_A10_1_00d00h00m_1.tif,0.07168877444820317,0,2,170,0.0,,2,170
StarDist,MCF7_Phase_H4_1_00d04h00m_1.tif,0.0813146346427115,0,3,84,0.0,,3,84
StarDist,Huh7_Phase_A12_1_00d04h00m_4.tif,0.08883767728365576,0,1,35,0.0,,1,35
StarDist,SHSY5Y_Phase_A10_2_00d04h00m_1.tif,0.09268296383305052,0,1,132,0.0,,1,132
StarDist,A172_Phase_C7_2_00d00h00m_4.tif,0.09813621039117075,1,1,60,0.031746031746031744,0.7771686552724928,2,61
StarDist,BT474_Phase_D3_2_00d00h00m_4.tif,0.10278998975634279,0,0,120,0.0,,0,120
StarDist,BT474_Phase_D3_1_00d00h00m_4.tif,0.10599383768575188,0,1,128,0.0,,1,128
StarDist,MCF7_Phase_H4_1_00d08h00m_3.tif,0.1102085003278018,0,5,93,0.0,,5,93
StarDist,MCF7_Phase_H4_2_00d08h00m_3.tif,0.114781123661495,0,2,106,0.0,,2,106
StarDist,Huh7_Phase_A12_2_00d16h00m_2.tif,0.11680206484920644,0,0,42,0.0,,0,42
StarDist,Huh7_Phase_A12_2_00d08h00m_1.tif,0.12069251761910002,0,1,51,0.0,,1,51
StarDist,Huh7_Phase_A12_2_00d20h00m_2.tif,0.12427154829545645,0,0,44,0.0,,0,44
StarDist,BV2_Phase_A4_2_01d08h00m_3.tif,0.12626194465689972,0,0,270,0.0,,0,270
StarDist,A172_Phase_C7_2_00d00h00m_2.tif,0.12952271784855046,0,0,104,0.0,,0,104
StarDist,SkBr3_Phase_G3_1_00d00h00m_3.tif,0.1333436557582902,0,1,171,0.0,,1,171
StarDist,MCF7_Phase_H4_2_00d04h00m_4.tif,0.13615481834571755,0,4,138,0.0,,4,138
StarDist,SHSY5Y_Phase_A10_2_00d12h00m_3.tif,0.1380454535893816,0,11,145,0.0,,11,145
StarDist,SkBr3_Phase_G3_1_00d04h00m_3.tif,0.13989052529502205,0,5,167,0.0,,5,167
StarDist,SKOV3_Phase_E4_2_00d00h00m_4.tif,0.1426584577141608,0,1,46,0.0,,1,46
StarDist,BV2_Phase_A4_1_01d04h00m_4.tif,0.14483813797531167,0,0,306,0.0,,0,306
StarDist,Huh7_Phase_A12_2_03d20h00m_3.tif,0.1468831187172204,0,0,34,0.0,,0,34
StarDist,SKOV3_Phase_F4_2_00d00h00m_4.tif,0.14812364838287068,0,2,51,0.0,,2,51
StarDist,SkBr3_Phase_G3_1_00d00h00m_2.tif,0.1504229474431802,0,1,207,0.0,,1,207
StarDist,Huh7_Phase_A12_2_01d16h00m_2.tif,0.15225915496613024,0,1,55,0.0,,1,55
StarDist,Huh7_Phase_A12_2_02d00h00m_1.tif,0.1542677997978574,0,0,51,0.0,,0,51
StarDist,SkBr3_Phase_G3_1_00d04h00m_4.tif,0.1562341936188849,0,1,201,0.0,,1,201
StarDist,Huh7_Phase_A12_2_00d20h00m_3.tif,0.15778175180287926,0,0,56,0.0,,0,56
StarDist,Huh7_Phase_A12_1_01d16h00m_2.tif,0.15847134779283023,0,0,70,0.0,,0,70
StarDist,Huh7_Phase_A12_2_01d16h00m_3.tif,0.16111376502403332,0,0,53,0.0,,0,53
StarDist,MCF7_Phase_H4_1_00d12h00m_2.tif,0.16380822702687822,0,3,154,0.0,,3,154
StarDist,Huh7_Phase_A12_1_01d20h00m_2.tif,0.16627861451049014,0,1,61,0.0,,1,61
StarDist,MCF7_Phase_H4_1_00d16h00m_2.tif,0.16819995069383273,0,1,141,0.0,,1,141
StarDist,SHSY5Y_Phase_A10_2_01d00h00m_3.tif,0.1699965802556821,0,9,181,0.0,,9,181
StarDist,Huh7_Phase_A12_1_02d04h00m_3.tif,0.17317402056927206,0,1,51,0.0,,1,51
StarDist,BT474_Phase_D3_2_00d16h00m_4.tif,0.1764945076212916,0,1,126,0.0,,1,126
StarDist,Huh7_Phase_A12_1_01d16h00m_3.tif,0.1796863701923214,0,0,81,0.0,,0,81
StarDist,Huh7_Phase_A12_1_02d16h00m_3.tif,0.18248057473776222,0,1,52,0.0,,1,52
StarDist,SHSY5Y_Phase_A10_2_01d08h00m_4.tif,0.18515562636581834,0,5,155,0.0,,5,155
StarDist,BV2_Phase_A4_1_01d16h00m_3.tif,0.18749275417941302,0,0,450,0.0,,0,450
StarDist,MCF7_Phase_H4_1_01d00h00m_2.tif,0.18876659391389655,0,0,211,0.0,,0,211
StarDist,SkBr3_Phase_G3_2_00d12h00m_4.tif,0.1910039259178467,0,1,215,0.0,,1,215
StarDist,Huh7_Phase_A12_1_00d04h00m_1.tif,0.19291794812609642,0,0,76,0.0,,0,76
StarDist,SKOV3_Phase_F4_1_00d00h00m_1.tif,0.19502369782561216,0,1,63,0.0,,1,63
StarDist,BT474_Phase_D3_2_01d00h00m_4.tif,0.1967080236560334,0,1,144,0.0,,1,144
StarDist,MCF7_Phase_H4_1_00d12h00m_4.tif,0.199142346754818,0,8,210,0.0,,8,210
StarDist,SHSY5Y_Phase_A10_2_02d04h00m_4.tif,0.20295142386909235,0,15,199,0.0,,15,199
StarDist,A172_Phase_C7_1_00d00h00m_1.tif,0.20583355072661613,0,0,146,0.0,,0,146
StarDist,BT474_Phase_D3_2_01d12h00m_3.tif,0.20702487953452953,0,1,148,0.0,,1,148
StarDist,Huh7_Phase_A12_1_03d08h00m_3.tif,0.20983613609047078,0,0,58,0.0,,0,58
StarDist,BT474_Phase_D3_1_01d12h00m_4.tif,0.21209833711210496,0,0,186,0.0,,0,186
StarDist,BV2_Phase_A4_1_01d20h00m_3.tif,0.21542465594952145,0,1,504,0.0,,1,504
StarDist,BT474_Phase_D3_2_02d04h00m_4.tif,0.21660015829873921,0,0,155,0.0,,0,155
StarDist,BV2_Phase_A4_1_01d20h00m_2.tif,0.21862664800044757,0,1,568,0.0,,1,568
StarDist,BV2_Phase_A4_2_01d20h00m_2.tif,0.22050575516280582,0,2,492,0.0,,2,492
StarDist,Huh7_Phase_A12_1_03d04h00m_2.tif,0.22230067813046514,0,0,56,0.0,,0,56
StarDist,Huh7_Phase_A12_1_03d12h00m_3.tif,0.2246206583260453,0,0,35,0.0,,0,35
StarDist,Huh7_Phase_A12_1_03d16h00m_3.tif,0.22820397850196478,0,1,49,0.0,,1,49
StarDist,Huh7_Phase_A12_2_03d16h00m_2.tif,0.2313321384670037,0,0,44,0.0,,0,44
StarDist,BT474_Phase_D3_2_02d16h00m_3.tif,0.23412030894886163,0,0,145,0.0,,0,145
StarDist,Huh7_Phase_A12_1_01d00h00m_1.tif,0.23692811557583066,0,0,76,0.0,,0,76
StarDist,BT474_Phase_D3_2_04d12h00m_2.tif,0.23903488390515856,0,0,149,0.0,,0,149
StarDist,BV2_Phase_A4_2_01d20h00m_3.tif,0.2418549005681811,0,1,555,0.0,,1,555
StarDist,MCF7_Phase_H4_2_00d20h00m_2.tif,0.24377792559004716,0,0,232,0.0,,0,232
StarDist,MCF7_Phase_H4_1_01d20h00m_1.tif,0.24607501133634296,0,3,254,0.0,,3,254
StarDist,SHSY5Y_Phase_A10_2_01d16h00m_1.tif,0.2473626677228901,0,11,248,0.0,,11,248
StarDist,Huh7_Phase_A12_1_03d12h00m_2.tif,0.24950648942855033,0,0,55,0.0,,0,55
StarDist,Huh7_Phase_A12_1_03d20h00m_3.tif,0.25212373497596513,0,0,42,0.0,,0,42
StarDist,MCF7_Phase_H4_1_00d20h00m_4.tif,0.25370202906466593,0,5,225,0.0,,5,225
StarDist,SkBr3_Phase_G3_2_01d08h00m_1.tif,0.25585376393137804,0,0,306,0.0,,0,306
StarDist,SkBr3_Phase_G3_2_01d00h00m_1.tif,0.25776018752730784,0,0,280,0.0,,0,280
StarDist,BT474_Phase_D3_2_04d00h00m_2.tif,0.2600584377731598,0,0,201,0.0,,0,201
StarDist,SHSY5Y_Phase_A10_1_01d04h00m_2.tif,0.26312670468204485,0,7,359,0.0,,7,359
StarDist,SkBr3_Phase_G3_2_01d12h00m_4.tif,0.2652523145214181,0,0,286,0.0,,0,286
StarDist,SkBr3_Phase_G3_1_01d08h00m_4.tif,0.2678101598011316,0,2,274,0.0,,2,274
StarDist,SkBr3_Phase_G3_2_01d04h00m_2.tif,0.2698067688756692,0,1,263,0.0,,1,263
StarDist,Huh7_Phase_A12_1_01d08h00m_1.tif,0.2733935830965909,0,0,112,0.0,,0,112
StarDist,BT474_Phase_D3_2_01d16h00m_1.tif,0.2760247847465017,1,2,226,0.008695652173913044,0.5705128205128205,3,227
StarDist,SkBr3_Phase_G3_2_01d08h00m_3.tif,0.2781882167832071,0,1,344,0.0,,1,344
StarDist,SHSY5Y_Phase_A10_2_01d16h00m_3.tif,0.2794986263931396,0,11,436,0.0,,11,436
StarDist,SkBr3_Phase_G3_2_01d04h00m_3.tif,0.2831740664608851,0,3,314,0.0,,3,314
StarDist,SKOV3_Phase_F4_1_00d12h00m_4.tif,0.2874831672038954,0,11,50,0.0,,11,50
StarDist,MCF7_Phase_H4_1_01d20h00m_2.tif,0.2915954931982095,0,1,305,0.0,,1,305
StarDist,SKOV3_Phase_E4_1_00d04h00m_3.tif,0.29580782916302495,0,10,59,0.0,,10,59
StarDist,Huh7_Phase_A12_1_00d20h00m_3.tif,0.29952075024585023,0,0,107,0.0,,0,107
StarDist,SHSY5Y_Phase_A10_1_01d16h00m_3.tif,0.3032984861232484,0,15,425,0.0,,15,425
StarDist,SkBr3_Phase_G3_2_01d16h00m_1.tif,0.30602748142483094,0,1,360,0.0,,1,360
StarDist,Huh7_Phase_A12_2_04d00h00m_4.tif,0.30899527398383086,0,0,61,0.0,,0,61
StarDist,SHSY5Y_Phase_A10_2_01d12h00m_1.tif,0.31142192198427027,0,9,298,0.0,,9,298
StarDist,SkBr3_Phase_G3_1_01d20h00m_3.tif,0.31418102955638094,0,1,260,0.0,,1,260
StarDist,MCF7_Phase_H4_2_02d00h00m_3.tif,0.31549934713725997,0,0,360,0.0,,0,360
StarDist,SKOV3_Phase_E4_2_00d08h00m_2.tif,0.3190905915373649,0,16,71,0.0,,16,71
StarDist,BT474_Phase_D3_1_03d04h00m_4.tif,0.3236079871885817,0,0,229,0.0,,0,229
StarDist,SHSY5Y_Phase_A10_2_01d20h00m_3.tif,0.3294207156905809,0,3,292,0.0,,3,292
StarDist,MCF7_Phase_H4_1_02d00h00m_1.tif,0.3314834697333926,0,1,462,0.0,,1,462
StarDist,SkBr3_Phase_G3_1_02d00h00m_3.tif,0.3352176300262214,0,1,284,0.0,,1,284
StarDist,SKOV3_Phase_F4_1_00d08h00m_3.tif,0.33875709544362276,0,19,62,0.0,,19,62
StarDist,MCF7_Phase_H4_1_01d12h00m_4.tif,0.3423966313374308,0,0,397,0.0,,0,397
StarDist,SKOV3_Phase_F4_2_00d16h00m_4.tif,0.3453774674934339,0,5,71,0.0,,5,71
StarDist,MCF7_Phase_H4_2_02d00h00m_1.tif,0.3539260380244945,0,0,431,0.0,,0,431
StarDist,SHSY5Y_Phase_A10_1_01d08h00m_2.tif,0.35709093804633685,0,21,357,0.0,,21,357
StarDist,BV2_Phase_A4_2_02d12h00m_4.tif,0.36242219501201406,0,0,1123,0.0,,0,1123
StarDist,SKOV3_Phase_E4_1_00d04h00m_1.tif,0.36412268739072867,0,16,79,0.0,,16,79
StarDist,A172_Phase_C7_2_00d16h00m_1.tif,0.36826677898273025,0,0,99,0.0,,0,99
StarDist,BT474_Phase_D3_1_03d04h00m_2.tif,0.3745985835063418,0,0,303,0.0,,0,303
StarDist,SkBr3_Phase_G3_2_02d04h00m_3.tif,0.3784471567690063,0,0,424,0.0,,0,424
StarDist,MCF7_Phase_H4_1_02d08h00m_1.tif,0.384207790373675,0,0,411,0.0,,0,411
StarDist,SHSY5Y_Phase_A10_2_01d16h00m_2.tif,0.38765567772071785,0,21,318,0.0,,21,318
StarDist,SkBr3_Phase_G3_2_01d20h00m_1.tif,0.39333435983938453,0,1,383,0.0,,1,383
StarDist,BT474_Phase_D3_1_05d00h00m_4.tif,0.39722700885052165,0,0,409,0.0,,0,409
StarDist,SKOV3_Phase_E4_1_00d04h00m_2.tif,0.40064540332715104,3,21,77,0.057692307692307696,0.5094087112606972,24,80
StarDist,Huh7_Phase_A12_1_03d16h00m_1.tif,0.4044489066597377,0,1,111,0.0,,1,111
StarDist,SkBr3_Phase_G3_2_02d08h00m_1.tif,0.4126753135926555,0,0,428,0.0,,0,428
StarDist,BV2_Phase_A4_1_02d12h00m_3.tif,0.4156009574409895,0,0,1052,0.0,,0,1052
StarDist,SKOV3_Phase_E4_2_01d08h00m_3.tif,0.41973737611997014,1,14,93,0.01834862385321101,0.6757254721326578,15,94
StarDist,A172_Phase_C7_1_01d00h00m_3.tif,0.4295939887456251,0,5,127,0.0,,5,127
StarDist,BV2_Phase_A4_1_03d00h00m_3.tif,0.4342386035839234,0,0,1243,0.0,,0,1243
StarDist,A172_Phase_C7_1_01d08h00m_4.tif,0.4375402089707154,0,7,148,0.0,,7,148
StarDist,A172_Phase_C7_2_00d16h00m_2.tif,0.44346468026114405,1,2,109,0.017699115044247787,0.6924643584521385,3,110
StarDist,Huh7_Phase_A12_1_03d20h00m_1.tif,0.44737744919143296,0,0,117,0.0,,0,117
StarDist,SkBr3_Phase_G3_1_02d08h00m_4.tif,0.45422548049605976,0,1,400,0.0,,1,400
StarDist,Huh7_Phase_A12_2_03d04h00m_1.tif,0.45942256337412796,0,0,107,0.0,,0,107
StarDist,SKOV3_Phase_E4_2_00d16h00m_1.tif,0.4668090302666158,0,16,79,0.0,,16,79
StarDist,MCF7_Phase_H4_1_02d04h00m_4.tif,0.47277800685641186,0,1,545,0.0,,1,545
StarDist,MCF7_Phase_H4_2_02d00h00m_4.tif,0.4762265596317781,0,1,698,0.0,,1,698
StarDist,SkBr3_Phase_G3_1_02d08h00m_2.tif,0.47833929482627185,0,0,406,0.0,,0,406
StarDist,BV2_Phase_A4_1_02d16h00m_4.tif,0.4813652485795532,0,0,1386,0.0,,0,1386
StarDist,SKOV3_Phase_E4_1_01d04h00m_4.tif,0.4844538950502637,0,11,99,0.0,,11,99
StarDist,SHSY5Y_Phase_A10_1_01d20h00m_4.tif,0.48974259547095034,0,6,516,0.0,,6,516
StarDist,SkBr3_Phase_G3_1_03d00h00m_3.tif,0.49605373907341455,0,2,406,0.0,,2,406
StarDist,SKOV3_Phase_E4_1_00d20h00m_4.tif,0.4985569782561186,3,20,78,0.057692307692307696,0.5756864292923848,23,81
StarDist,A172_Phase_C7_1_01d08h00m_3.tif,0.5027165947334037,0,4,166,0.0,,4,166
StarDist,A172_Phase_C7_2_01d00h00m_3.tif,0.5090381120246996,0,2,121,0.0,,2,121
StarDist,SHSY5Y_Phase_A10_2_02d16h00m_3.tif,0.5162545786440113,0,10,569,0.0,,10,569
StarDist,SKOV3_Phase_F4_1_01d00h00m_2.tif,0.5206657349486425,2,17,105,0.031746031746031744,0.5994333283229737,19,107
StarDist,SHSY5Y_Phase_A10_1_02d12h00m_2.tif,0.5254306994372903,0,9,717,0.0,,9,717
StarDist,SKOV3_Phase_E4_2_01d04h00m_2.tif,0.5345277313701963,0,2,133,0.0,,2,133
StarDist,SkBr3_Phase_G3_2_02d20h00m_1.tif,0.5431049725469721,0,1,526,0.0,,1,526
StarDist,SkBr3_Phase_G3_1_02d20h00m_2.tif,0.5477818668050606,1,1,522,0.0038095238095238095,0.6231884057971014,2,523
StarDist,SHSY5Y_Phase_A10_1_02d08h00m_1.tif,0.55562100415207,0,5,594,0.0,,5,594
StarDist,SKOV3_Phase_F4_1_01d16h00m_4.tif,0.5617371707003943,0,12,87,0.0,,12,87
StarDist,SkBr3_Phase_G3_2_03d08h00m_2.tif,0.5677904742132884,0,0,551,0.0,,0,551
StarDist,SHSY5Y_Phase_A10_1_02d04h00m_1.tif,0.5744628777862822,0,8,578,0.0,,8,578
StarDist,MCF7_Phase_H4_1_02d12h00m_4.tif,0.5853660441706763,0,1,773,0.0,,1,773
StarDist,SkBr3_Phase_G3_2_03d08h00m_4.tif,0.5923533996667588,0,1,506,0.0,,1,506
StarDist,SkBr3_Phase_G3_2_03d12h00m_4.tif,0.6037668222792922,0,0,539,0.0,,0,539
StarDist,SKOV3_Phase_E4_1_00d20h00m_1.tif,0.6111803534746518,0,15,119,0.0,,15,119
StarDist,MCF7_Phase_H4_2_03d16h00m_1.tif,0.6209018373033282,0,0,1064,0.0,,0,1064
StarDist,SKOV3_Phase_E4_1_01d00h00m_1.tif,0.6279902730277525,0,15,146,0.0,,15,146
StarDist,SkBr3_Phase_G3_2_03d08h00m_1.tif,0.6328579001857547,0,0,623,0.0,,0,623
StarDist,MCF7_Phase_H4_2_02d12h00m_2.tif,0.6489565538953214,0,1,1029,0.0,,1,1029
StarDist,MCF7_Phase_H4_1_03d08h00m_3.tif,0.6530734780648965,0,0,863,0.0,,0,863
StarDist,SKOV3_Phase_F4_2_01d08h00m_2.tif,0.6631317093258323,0,6,117,0.0,,6,117
StarDist,MCF7_Phase_H4_2_03d08h00m_2.tif,0.6736426949027488,0,0,1266,0.0,,0,1266
StarDist,SKOV3_Phase_E4_2_01d16h00m_4.tif,0.6815534055397634,0,8,122,0.0,,8,122
StarDist,SkBr3_Phase_G3_2_03d12h00m_3.tif,0.6886190432419088,0,0,691,0.0,,0,691
StarDist,SHSY5Y_Phase_A10_1_03d00h00m_3.tif,0.6974546216674177,0,3,986,0.0,,3,986
StarDist,SKOV3_Phase_F4_2_01d12h00m_1.tif,0.7039361254370582,1,4,137,0.013986013986013986,0.7501387090808211,5,138
StarDist,SKOV3_Phase_E4_1_01d16h00m_3.tif,0.7178174923513944,0,4,135,0.0,,4,135
StarDist,SKOV3_Phase_E4_2_01d16h00m_2.tif,0.728647390461094,0,4,135,0.0,,4,135
StarDist,BV2_Phase_A4_1_02d04h00m_2.tif,0.7376357161003044,0,0,1758,0.0,,0,1758
StarDist,A172_Phase_C7_1_02d00h00m_2.tif,0.750573590881781,0,4,391,0.0,,4,391
StarDist,SKOV3_Phase_E4_2_02d04h00m_3.tif,0.7612629919689756,0,5,171,0.0,,5,171
StarDist,SHSY5Y_Phase_A10_1_03d00h00m_1.tif,0.7732970663516148,0,1,922,0.0,,1,922
StarDist,SHSY5Y_Phase_A10_1_03d08h00m_2.tif,0.7991580852545952,0,2,1261,0.0,,2,1261
StarDist,SKOV3_Phase_E4_2_02d08h00m_3.tif,0.8169037991695806,0,3,186,0.0,,3,186
StarDist,SKOV3_Phase_E4_2_02d04h00m_4.tif,0.8348433190832483,0,2,185,0.0,,2,185
StarDist,A172_Phase_C7_2_02d16h00m_4.tif,0.8449416152207169,0,1,325,0.0,,1,325
StarDist,SKOV3_Phase_F4_2_02d00h00m_1.tif,0.8595048470279786,0,4,166,0.0,,4,166
StarDist,SKOV3_Phase_F4_2_02d08h00m_3.tif,0.8677490965089631,0,0,203,0.0,,0,203
StarDist,SKOV3_Phase_E4_1_02d20h00m_2.tif,0.878217421874996,0,1,335,0.0,,1,335
StarDist,SKOV3_Phase_E4_2_02d12h00m_3.tif,0.8898521802611433,0,1,190,0.0,,1,190
StarDist,SKOV3_Phase_E4_1_02d16h00m_2.tif,0.8982656349705043,0,3,303,0.0,,3,303
StarDist,SKOV3_Phase_E4_1_02d00h00m_1.tif,0.9090176134997876,2,2,263,0.01486988847583643,0.6706972902472986,4,265
