setting,file,phi,tp,fp,fn,f1,matched_iou
detection-optimal,BV2_Phase_A4_2_02d04h00m_3.tif,0.0007375248579544453,0,765,2,0.0,
balanced,BV2_Phase_A4_2_02d04h00m_3.tif,0.0007375248579544453,0,720,2,0.0,
measurement-optimal,BV2_Phase_A4_2_02d04h00m_3.tif,0.0007375248579544453,0,601,2,0.0,
connected components,BV2_Phase_A4_2_02d04h00m_3.tif,0.0007375248579544453,0,77,2,0.0,
detection-optimal,BV2_Phase_A4_2_00d12h00m_3.tif,0.042257250874120474,110,0,7,0.9691629955947136,0.8698283352731968
balanced,BV2_Phase_A4_2_00d12h00m_3.tif,0.042257250874120474,110,0,7,0.9691629955947136,0.8698283352731968
measurement-optimal,BV2_Phase_A4_2_00d12h00m_3.tif,0.042257250874120474,97,4,20,0.8899082568807339,0.8617651404707589
connected components,BV2_Phase_A4_2_00d12h00m_3.tif,0.042257250874120474,35,24,82,0.3977272727272727,0.8569830624526504
detection-optimal,BV2_Phase_A4_2_00d12h00m_1.tif,0.058501196732954466,122,17,23,0.8591549295774648,0.8382079483912982
balanced,BV2_Phase_A4_2_00d12h00m_1.tif,0.058501196732954466,121,17,24,0.8551236749116607,0.8376972702788298
measurement-optimal,BV2_Phase_A4_2_00d12h00m_1.tif,0.058501196732954466,101,23,44,0.7509293680297398,0.8412297596823161
connected components,BV2_Phase_A4_2_00d12h00m_1.tif,0.058501196732954466,33,30,112,0.3173076923076923,0.8168010907757669
detection-optimal,BV2_Phase_A4_2_01d00h00m_2.tif,0.07015157165101153,143,1,16,0.9438943894389439,0.869040990892376
balanced,BV2_Phase_A4_2_01d00h00m_2.tif,0.07015157165101153,142,1,17,0.9403973509933775,0.869947021705811
measurement-optimal,BV2_Phase_A4_2_01d00h00m_2.tif,0.07015157165101153,133,3,26,0.9016949152542373,0.8698350422152862
connected components,BV2_Phase_A4_2_01d00h00m_2.tif,0.07015157165101153,44,27,115,0.3826086956521739,0.8475661239694005
detection-optimal,BV2_Phase_A4_2_01d00h00m_3.tif,0.08453774898929524,170,4,18,0.9392265193370166,0.852922509653354
balanced,BV2_Phase_A4_2_01d00h00m_3.tif,0.08453774898929524,170,4,18,0.9392265193370166,0.852922509653354
measurement-optimal,BV2_Phase_A4_2_01d00h00m_3.tif,0.08453774898929524,155,8,33,0.8831908831908832,0.8456813615261001
connected components,BV2_Phase_A4_2_01d00h00m_3.tif,0.08453774898929524,28,32,160,0.22580645161290322,0.7978159577493511
detection-optimal,Huh7_Phase_A12_1_00d16h00m_4.tif,0.0972927454381594,30,12,7,0.759493670886076,0.7992183980150261
balanced,Huh7_Phase_A12_1_00d16h00m_4.tif,0.0972927454381594,30,9,7,0.7894736842105263,0.8107401672263381
measurement-optimal,Huh7_Phase_A12_1_00d16h00m_4.tif,0.0972927454381594,26,5,11,0.7647058823529411,0.8405090985925242
connected components,Huh7_Phase_A12_1_00d16h00m_4.tif,0.0972927454381594,22,5,15,0.6875,0.7902333982715827
detection-optimal,Huh7_Phase_A12_1_01d00h00m_4.tif,0.10511547011582208,25,21,10,0.6172839506172839,0.7814802201634714
balanced,Huh7_Phase_A12_1_01d00h00m_4.tif,0.10511547011582208,26,17,9,0.6666666666666666,0.7689902973194536
measurement-optimal,Huh7_Phase_A12_1_01d00h00m_4.tif,0.10511547011582208,18,13,17,0.5454545454545454,0.8044227103199834
connected components,Huh7_Phase_A12_1_01d00h00m_4.tif,0.10511547011582208,9,13,26,0.3157894736842105,0.6868624395628468
detection-optimal,MCF7_Phase_H4_2_00d08h00m_3.tif,0.114781123661495,96,35,10,0.810126582278481,0.7977534815365409
balanced,MCF7_Phase_H4_2_00d08h00m_3.tif,0.114781123661495,88,11,18,0.8585365853658536,0.8061291716902208
measurement-optimal,MCF7_Phase_H4_2_00d08h00m_3.tif,0.114781123661495,79,8,27,0.8186528497409327,0.8126780257604113
connected components,MCF7_Phase_H4_2_00d08h00m_3.tif,0.114781123661495,22,23,84,0.2913907284768212,0.8054034964136982
detection-optimal,SHSY5Y_Phase_A10_2_00d08h00m_2.tif,0.1181871183894346,107,40,24,0.7697841726618705,0.7369882202209718
balanced,SHSY5Y_Phase_A10_2_00d08h00m_2.tif,0.1181871183894346,100,35,31,0.7518796992481203,0.7371223206499821
measurement-optimal,SHSY5Y_Phase_A10_2_00d08h00m_2.tif,0.1181871183894346,82,25,49,0.6890756302521008,0.739484288856114
connected components,SHSY5Y_Phase_A10_2_00d08h00m_2.tif,0.1181871183894346,16,43,115,0.16842105263157894,0.7709596810095203
detection-optimal,Huh7_Phase_A12_2_01d04h00m_2.tif,0.12536457468313036,35,18,16,0.6730769230769231,0.7724445489827041
balanced,Huh7_Phase_A12_2_01d04h00m_2.tif,0.12536457468313036,27,14,24,0.5869565217391305,0.7914864670931036
measurement-optimal,Huh7_Phase_A12_2_01d04h00m_2.tif,0.12536457468313036,17,11,34,0.43037974683544306,0.773962034605668
connected components,Huh7_Phase_A12_2_01d04h00m_2.tif,0.12536457468313036,14,12,37,0.36363636363636365,0.8176614055707383
detection-optimal,Huh7_Phase_A12_1_02d00h00m_4.tif,0.13045062295127088,31,18,5,0.7294117647058823,0.7884876374486383
balanced,Huh7_Phase_A12_1_02d00h00m_4.tif,0.13045062295127088,32,9,4,0.8311688311688312,0.8277078123278254
measurement-optimal,Huh7_Phase_A12_1_02d00h00m_4.tif,0.13045062295127088,27,2,9,0.8307692307692308,0.8283284719661237
connected components,Huh7_Phase_A12_1_02d00h00m_4.tif,0.13045062295127088,9,13,27,0.3103448275862069,0.8804436252305654
detection-optimal,BV2_Phase_A4_2_01d12h00m_4.tif,0.13676440368225182,292,20,41,0.9054263565891473,0.7963801486823271
balanced,BV2_Phase_A4_2_01d12h00m_4.tif,0.13676440368225182,290,20,43,0.9020217729393468,0.7969682290971591
measurement-optimal,BV2_Phase_A4_2_01d12h00m_4.tif,0.13676440368225182,255,26,78,0.8306188925081434,0.8012515143999475
connected components,BV2_Phase_A4_2_01d12h00m_4.tif,0.13676440368225182,21,35,312,0.10796915167095116,0.7813134753898543
detection-optimal,BV2_Phase_A4_2_01d12h00m_3.tif,0.14131156113417248,297,13,34,0.9266770670826833,0.8133975727596268
balanced,BV2_Phase_A4_2_01d12h00m_3.tif,0.14131156113417248,290,15,41,0.9119496855345912,0.8132880196934662
measurement-optimal,BV2_Phase_A4_2_01d12h00m_3.tif,0.14131156113417248,245,29,86,0.8099173553719008,0.8152834162417539
connected components,BV2_Phase_A4_2_01d12h00m_3.tif,0.14131156113417248,27,33,304,0.13810741687979539,0.8130022530662502
detection-optimal,Huh7_Phase_A12_1_00d08h00m_3.tif,0.14491066337958539,37,25,15,0.6491228070175439,0.8342533886296185
balanced,Huh7_Phase_A12_1_00d08h00m_3.tif,0.14491066337958539,36,13,16,0.7128712871287128,0.8466008503902565
measurement-optimal,Huh7_Phase_A12_1_00d08h00m_3.tif,0.14491066337958539,34,4,18,0.7555555555555555,0.8552683189024297
connected components,Huh7_Phase_A12_1_00d08h00m_3.tif,0.14491066337958539,26,8,26,0.6046511627906976,0.8060705123390908
detection-optimal,Huh7_Phase_A12_1_03d00h00m_3.tif,0.14777242897726675,33,26,8,0.66,0.7740121918303946
balanced,Huh7_Phase_A12_1_03d00h00m_3.tif,0.14777242897726675,21,13,20,0.56,0.7925039663420337
measurement-optimal,Huh7_Phase_A12_1_03d00h00m_3.tif,0.14777242897726675,18,6,23,0.5538461538461539,0.8061518033451031
connected components,Huh7_Phase_A12_1_03d00h00m_3.tif,0.14777242897726675,9,18,32,0.2647058823529412,0.7936581815804373
detection-optimal,Huh7_Phase_A12_1_01d20h00m_4.tif,0.15217936079545097,38,14,5,0.8,0.8032427800390722
balanced,Huh7_Phase_A12_1_01d20h00m_4.tif,0.15217936079545097,37,8,6,0.8409090909090909,0.8096705114983039
measurement-optimal,Huh7_Phase_A12_1_01d20h00m_4.tif,0.15217936079545097,26,7,17,0.6842105263157895,0.8272314772353956
connected components,Huh7_Phase_A12_1_01d20h00m_4.tif,0.15217936079545097,9,9,34,0.29508196721311475,0.8672063564604748
detection-optimal,Huh7_Phase_A12_2_02d00h00m_1.tif,0.1542677997978574,42,30,9,0.6829268292682927,0.7820912159877744
balanced,Huh7_Phase_A12_2_02d00h00m_1.tif,0.1542677997978574,40,15,11,0.7547169811320755,0.7794254289398804
measurement-optimal,Huh7_Phase_A12_2_02d00h00m_1.tif,0.1542677997978574,23,8,28,0.5609756097560976,0.7308411986678504
connected components,Huh7_Phase_A12_2_02d00h00m_1.tif,0.1542677997978574,14,10,37,0.37333333333333335,0.7488316447465465
detection-optimal,BV2_Phase_A4_1_01d08h00m_4.tif,0.15700102750764908,352,22,49,0.9083870967741936,0.7746988320493492
balanced,BV2_Phase_A4_1_01d08h00m_4.tif,0.15700102750764908,349,22,52,0.9041450777202072,0.7747107145300249
measurement-optimal,BV2_Phase_A4_1_01d08h00m_4.tif,0.15700102750764908,286,44,115,0.7824897400820794,0.7763714466823566
connected components,BV2_Phase_A4_1_01d08h00m_4.tif,0.15700102750764908,25,44,376,0.10638297872340426,0.7847982948828002
detection-optimal,BV2_Phase_A4_1_01d12h00m_1.tif,0.15826057282560488,351,17,39,0.9261213720316622,0.7732397986879049
balanced,BV2_Phase_A4_1_01d12h00m_1.tif,0.15826057282560488,346,18,44,0.9177718832891246,0.773133491572541
measurement-optimal,BV2_Phase_A4_1_01d12h00m_1.tif,0.15826057282560488,284,36,106,0.8,0.7762259922271824
connected components,BV2_Phase_A4_1_01d12h00m_1.tif,0.15826057282560488,12,40,378,0.05429864253393665,0.8287245519843669
detection-optimal,BV2_Phase_A4_2_01d16h00m_2.tif,0.16141859716455179,334,53,34,0.8847682119205298,0.8056739611263566
balanced,BV2_Phase_A4_2_01d16h00m_2.tif,0.16141859716455179,333,53,35,0.883289124668435,0.8063098930533378
measurement-optimal,BV2_Phase_A4_2_01d16h00m_2.tif,0.16141859716455179,288,54,80,0.8112676056338028,0.8098819956298835
connected components,BV2_Phase_A4_2_01d16h00m_2.tif,0.16141859716455179,40,41,328,0.17817371937639198,0.8289983045529279
detection-optimal,MCF7_Phase_H4_2_00d20h00m_1.tif,0.1651648128824319,134,38,13,0.8401253918495298,0.8007485500687214
balanced,MCF7_Phase_H4_2_00d20h00m_1.tif,0.1651648128824319,130,28,17,0.8524590163934426,0.8074648144237803
measurement-optimal,MCF7_Phase_H4_2_00d20h00m_1.tif,0.1651648128824319,100,15,47,0.7633587786259542,0.8248609762551911
connected components,MCF7_Phase_H4_2_00d20h00m_1.tif,0.1651648128824319,16,26,131,0.1693121693121693,0.849386117335841
detection-optimal,BT474_Phase_D3_2_01d04h00m_3.tif,0.1678306392045415,106,43,51,0.6928104575163399,0.7928193025296251
balanced,BT474_Phase_D3_2_01d04h00m_3.tif,0.1678306392045415,99,34,58,0.6827586206896552,0.8050381504546736
measurement-optimal,BT474_Phase_D3_2_01d04h00m_3.tif,0.1678306392045415,69,29,88,0.5411764705882353,0.8172268886531873
connected components,BT474_Phase_D3_2_01d04h00m_3.tif,0.1678306392045415,33,24,124,0.308411214953271,0.8197675557350366
detection-optimal,Huh7_Phase_A12_2_01d16h00m_1.tif,0.16972497828344058,40,31,14,0.64,0.7896628816530066
balanced,Huh7_Phase_A12_2_01d16h00m_1.tif,0.16972497828344058,39,14,15,0.7289719626168224,0.7647890976248074
measurement-optimal,Huh7_Phase_A12_2_01d16h00m_1.tif,0.16972497828344058,24,7,30,0.5647058823529412,0.7920076783458256
connected components,Huh7_Phase_A12_2_01d16h00m_1.tif,0.16972497828344058,17,9,37,0.425,0.7840053141082927
detection-optimal,Huh7_Phase_A12_1_02d04h00m_3.tif,0.17317402056927206,41,24,10,0.7068965517241379,0.7805836454451721
balanced,Huh7_Phase_A12_1_02d04h00m_3.tif,0.17317402056927206,35,17,16,0.6796116504854369,0.7758363517713506
measurement-optimal,Huh7_Phase_A12_1_02d04h00m_3.tif,0.17317402056927206,28,8,23,0.6436781609195402,0.8152425883493388
connected components,Huh7_Phase_A12_1_02d04h00m_3.tif,0.17317402056927206,17,16,34,0.40476190476190477,0.8468677763175928
detection-optimal,MCF7_Phase_H4_2_01d00h00m_1.tif,0.1779091137183062,166,26,46,0.8217821782178217,0.7939116801590014
balanced,MCF7_Phase_H4_2_01d00h00m_1.tif,0.1779091137183062,150,23,62,0.7792207792207793,0.7897186907553229
measurement-optimal,MCF7_Phase_H4_2_01d00h00m_1.tif,0.1779091137183062,116,22,96,0.6628571428571428,0.792808447005285
connected components,MCF7_Phase_H4_2_01d00h00m_1.tif,0.1779091137183062,9,34,203,0.07058823529411765,0.7627564490331
detection-optimal,Huh7_Phase_A12_2_02d16h00m_1.tif,0.18139789253714703,31,35,9,0.5849056603773585,0.7300891378537441
balanced,Huh7_Phase_A12_2_02d16h00m_1.tif,0.18139789253714703,29,25,11,0.6170212765957447,0.7462774699921872
measurement-optimal,Huh7_Phase_A12_2_02d16h00m_1.tif,0.18139789253714703,23,4,17,0.6865671641791045,0.7722416527875149
connected components,Huh7_Phase_A12_2_02d16h00m_1.tif,0.18139789253714703,13,6,27,0.4406779661016949,0.8112571865289591
detection-optimal,SHSY5Y_Phase_A10_2_00d20h00m_2.tif,0.18492138385051235,125,66,38,0.7062146892655368,0.7290248875558919
balanced,SHSY5Y_Phase_A10_2_00d20h00m_2.tif,0.18492138385051235,112,52,51,0.6850152905198776,0.7449198317644133
measurement-optimal,SHSY5Y_Phase_A10_2_00d20h00m_2.tif,0.18492138385051235,83,34,80,0.5928571428571429,0.746730191118994
connected components,SHSY5Y_Phase_A10_2_00d20h00m_2.tif,0.18492138385051235,10,46,153,0.091324200913242,0.8045016973358516
detection-optimal,BV2_Phase_A4_2_01d12h00m_1.tif,0.18768122773710816,445,34,21,0.9417989417989417,0.7938357471212772
balanced,BV2_Phase_A4_2_01d12h00m_1.tif,0.18768122773710816,437,34,29,0.9327641408751334,0.7950223692109443
measurement-optimal,BV2_Phase_A4_2_01d12h00m_1.tif,0.18768122773710816,355,52,111,0.8132875143184422,0.8067365283395184
connected components,BV2_Phase_A4_2_01d12h00m_1.tif,0.18768122773710816,28,31,438,0.10666666666666667,0.834226114354842
detection-optimal,Huh7_Phase_A12_1_00d12h00m_1.tif,0.19013072456839397,62,23,13,0.775,0.7480118668488411
balanced,Huh7_Phase_A12_1_00d12h00m_1.tif,0.19013072456839397,61,15,14,0.8079470198675497,0.74096202746604
measurement-optimal,Huh7_Phase_A12_1_00d12h00m_1.tif,0.19013072456839397,53,5,22,0.7969924812030075,0.7669079999111672
connected components,Huh7_Phase_A12_1_00d12h00m_1.tif,0.19013072456839397,25,14,50,0.43859649122807015,0.7782119269593583
detection-optimal,MCF7_Phase_H4_1_00d20h00m_2.tif,0.191926697579764,178,27,28,0.8661800486618005,0.7817458187327382
balanced,MCF7_Phase_H4_1_00d20h00m_2.tif,0.191926697579764,157,23,49,0.8134715025906736,0.7845473897461034
measurement-optimal,MCF7_Phase_H4_1_00d20h00m_2.tif,0.191926697579764,123,24,83,0.6968838526912181,0.7957735712837761
connected components,MCF7_Phase_H4_1_00d20h00m_2.tif,0.191926697579764,9,30,197,0.07346938775510205,0.8164370357271911
detection-optimal,Huh7_Phase_A12_1_02d08h00m_2.tif,0.19465513685533423,41,25,11,0.6949152542372882,0.7828536592774927
balanced,Huh7_Phase_A12_1_02d08h00m_2.tif,0.19465513685533423,33,17,19,0.6470588235294118,0.7815144268078815
measurement-optimal,Huh7_Phase_A12_1_02d08h00m_2.tif,0.19465513685533423,21,9,31,0.5121951219512195,0.7738307449204923
connected components,Huh7_Phase_A12_1_02d08h00m_2.tif,0.19465513685533423,13,17,39,0.3170731707317073,0.797263575010321
detection-optimal,Huh7_Phase_A12_2_00d20h00m_4.tif,0.19683528381774212,53,23,14,0.7412587412587412,0.7819115454980844
balanced,Huh7_Phase_A12_2_00d20h00m_4.tif,0.19683528381774212,42,20,25,0.6511627906976745,0.8023440117148155
measurement-optimal,Huh7_Phase_A12_2_00d20h00m_4.tif,0.19683528381774212,37,12,30,0.6379310344827587,0.8133965831822707
connected components,Huh7_Phase_A12_2_00d20h00m_4.tif,0.19683528381774212,15,9,52,0.32967032967032966,0.8629727400331991
detection-optimal,A172_Phase_C7_1_00d08h00m_4.tif,0.1995755354021045,61,56,9,0.6524064171122995,0.817130474405199
balanced,A172_Phase_C7_1_00d08h00m_4.tif,0.1995755354021045,64,31,6,0.7757575757575758,0.8299280975798746
measurement-optimal,A172_Phase_C7_1_00d08h00m_4.tif,0.1995755354021045,65,16,5,0.8609271523178808,0.8186444779008424
connected components,A172_Phase_C7_1_00d08h00m_4.tif,0.1995755354021045,27,18,43,0.46956521739130436,0.8367053132855178
detection-optimal,SHSY5Y_Phase_A10_1_00d16h00m_1.tif,0.2043918718586144,140,94,69,0.6320541760722348,0.687275665483595
balanced,SHSY5Y_Phase_A10_1_00d16h00m_1.tif,0.2043918718586144,134,62,75,0.6617283950617284,0.6948088232814275
measurement-optimal,SHSY5Y_Phase_A10_1_00d16h00m_1.tif,0.2043918718586144,101,46,108,0.5674157303370787,0.7017422759212434
connected components,SHSY5Y_Phase_A10_1_00d16h00m_1.tif,0.2043918718586144,7,49,202,0.052830188679245285,0.7501037481631215
detection-optimal,SHSY5Y_Phase_A10_2_01d16h00m_4.tif,0.20691655935860756,93,89,73,0.5344827586206896,0.6904957675422382
balanced,SHSY5Y_Phase_A10_2_01d16h00m_4.tif,0.20691655935860756,91,56,75,0.5814696485623003,0.688187866238667
measurement-optimal,SHSY5Y_Phase_A10_2_01d16h00m_4.tif,0.20691655935860756,70,39,96,0.509090909090909,0.7058786041595633
connected components,SHSY5Y_Phase_A10_2_01d16h00m_4.tif,0.20691655935860756,12,58,154,0.1016949152542373,0.7397880661730688
detection-optimal,Huh7_Phase_A12_1_03d08h00m_3.tif,0.20983613609047078,30,30,28,0.5084745762711864,0.7993636789274692
balanced,Huh7_Phase_A12_1_03d08h00m_3.tif,0.20983613609047078,25,20,33,0.4854368932038835,0.7528335693160177
measurement-optimal,Huh7_Phase_A12_1_03d08h00m_3.tif,0.20983613609047078,20,13,38,0.43956043956043955,0.8088593937125321
connected components,Huh7_Phase_A12_1_03d08h00m_3.tif,0.20983613609047078,12,14,46,0.2857142857142857,0.8059510724605122
detection-optimal,Huh7_Phase_A12_1_02d16h00m_2.tif,0.213358489401233,43,28,12,0.6825396825396826,0.8059457406812074
balanced,Huh7_Phase_A12_1_02d16h00m_2.tif,0.213358489401233,36,19,19,0.6545454545454545,0.8017139884070644
measurement-optimal,Huh7_Phase_A12_1_02d16h00m_2.tif,0.213358489401233,20,10,35,0.47058823529411764,0.7885504527825872
connected components,Huh7_Phase_A12_1_02d16h00m_2.tif,0.213358489401233,13,16,42,0.30952380952380953,0.7668962929990587
detection-optimal,Huh7_Phase_A12_2_01d04h00m_4.tif,0.21601668719952324,54,24,17,0.7248322147651006,0.7685671940838786
balanced,Huh7_Phase_A12_2_01d04h00m_4.tif,0.21601668719952324,48,17,23,0.7058823529411765,0.7869024034330457
measurement-optimal,Huh7_Phase_A12_2_01d04h00m_4.tif,0.21601668719952324,41,8,30,0.6833333333333333,0.7928372249797784
connected components,Huh7_Phase_A12_2_01d04h00m_4.tif,0.21601668719952324,16,12,55,0.32323232323232326,0.797271746953633
detection-optimal,Huh7_Phase_A12_2_03d12h00m_2.tif,0.21787903368115863,29,35,11,0.5576923076923077,0.7626754252213719
balanced,Huh7_Phase_A12_2_03d12h00m_2.tif,0.21787903368115863,27,28,13,0.5684210526315789,0.7377151981987701
measurement-optimal,Huh7_Phase_A12_2_03d12h00m_2.tif,0.21787903368115863,22,5,18,0.6567164179104478,0.79662405246781
connected components,Huh7_Phase_A12_2_03d12h00m_2.tif,0.21787903368115863,8,12,32,0.26666666666666666,0.8032422794326597
detection-optimal,SkBr3_Phase_G3_2_01d00h00m_4.tif,0.21974408681162477,225,8,9,0.9635974304068522,0.9062117875771554
balanced,SkBr3_Phase_G3_2_01d00h00m_4.tif,0.21974408681162477,219,7,15,0.9521739130434783,0.9073078045927885
measurement-optimal,SkBr3_Phase_G3_2_01d00h00m_4.tif,0.21974408681162477,213,6,21,0.9403973509933775,0.9013750843142501
connected components,SkBr3_Phase_G3_2_01d00h00m_4.tif,0.21974408681162477,67,41,167,0.391812865497076,0.7951948690948315
detection-optimal,BT474_Phase_D3_1_01d12h00m_1.tif,0.22229736218858825,117,46,63,0.6822157434402333,0.7728168711269275
balanced,BT474_Phase_D3_1_01d12h00m_1.tif,0.22229736218858825,82,32,98,0.5578231292517006,0.7749379011408364
measurement-optimal,BT474_Phase_D3_1_01d12h00m_1.tif,0.22229736218858825,60,23,120,0.45627376425855515,0.7882750613360773
connected components,BT474_Phase_D3_1_01d12h00m_1.tif,0.22229736218858825,20,32,160,0.1724137931034483,0.8154721152917073
detection-optimal,Huh7_Phase_A12_1_03d12h00m_3.tif,0.2246206583260453,25,43,10,0.4854368932038835,0.7380435515454348
balanced,Huh7_Phase_A12_1_03d12h00m_3.tif,0.2246206583260453,19,30,16,0.4523809523809524,0.7438690473419158
measurement-optimal,Huh7_Phase_A12_1_03d12h00m_3.tif,0.2246206583260453,15,9,20,0.5084745762711864,0.7961966875247243
connected components,Huh7_Phase_A12_1_03d12h00m_3.tif,0.2246206583260453,14,11,21,0.4666666666666667,0.7977196013117703
detection-optimal,BV2_Phase_A4_2_01d16h00m_1.tif,0.229932476507868,485,90,51,0.873087308730873,0.8150545530341382
balanced,BV2_Phase_A4_2_01d16h00m_1.tif,0.229932476507868,475,86,61,0.8659981768459435,0.816406199769864
measurement-optimal,BV2_Phase_A4_2_01d16h00m_1.tif,0.229932476507868,400,88,136,0.78125,0.8168611499560273
connected components,BV2_Phase_A4_2_01d16h00m_1.tif,0.229932476507868,27,48,509,0.088379705400982,0.8200295628734032
detection-optimal,SkBr3_Phase_G3_1_01d00h00m_2.tif,0.23316393274694755,248,21,22,0.9202226345083488,0.8552237837198468
balanced,SkBr3_Phase_G3_1_01d00h00m_2.tif,0.23316393274694755,244,16,26,0.9207547169811321,0.8569921916828759
measurement-optimal,SkBr3_Phase_G3_1_01d00h00m_2.tif,0.23316393274694755,229,13,41,0.89453125,0.8546996254652646
connected components,SkBr3_Phase_G3_1_01d00h00m_2.tif,0.23316393274694755,48,48,222,0.26229508196721313,0.8508025918792921
detection-optimal,Huh7_Phase_A12_1_03d12h00m_4.tif,0.2366094393301972,38,36,11,0.6178861788617886,0.8057119826348955
balanced,Huh7_Phase_A12_1_03d12h00m_4.tif,0.2366094393301972,39,24,10,0.6964285714285714,0.8179063347272173
measurement-optimal,Huh7_Phase_A12_1_03d12h00m_4.tif,0.2366094393301972,32,8,17,0.7191011235955056,0.8137464921264861
connected components,Huh7_Phase_A12_1_03d12h00m_4.tif,0.2366094393301972,11,10,38,0.3142857142857143,0.8677689663230951
detection-optimal,BT474_Phase_D3_2_02d00h00m_3.tif,0.23888054441651768,133,67,58,0.680306905370844,0.7664606014479152
balanced,BT474_Phase_D3_2_02d00h00m_3.tif,0.23888054441651768,113,49,78,0.6402266288951841,0.7805247094968216
measurement-optimal,BT474_Phase_D3_2_02d00h00m_3.tif,0.23888054441651768,82,23,109,0.5540540540540541,0.7948488851819562
connected components,BT474_Phase_D3_2_02d00h00m_3.tif,0.23888054441651768,16,27,175,0.13675213675213677,0.8700689997699336
detection-optimal,BV2_Phase_A4_2_01d20h00m_3.tif,0.2418549005681811,474,45,81,0.88268156424581,0.8002674429219515
balanced,BV2_Phase_A4_2_01d20h00m_3.tif,0.2418549005681811,459,41,96,0.8701421800947867,0.8000536640854858
measurement-optimal,BV2_Phase_A4_2_01d20h00m_3.tif,0.2418549005681811,365,59,190,0.745658835546476,0.8014699217761259
connected components,BV2_Phase_A4_2_01d20h00m_3.tif,0.2418549005681811,29,34,526,0.09385113268608414,0.8185622213715259
detection-optimal,BT474_Phase_D3_2_01d16h00m_4.tif,0.24451717179304336,135,51,55,0.7180851063829787,0.7667829858506875
balanced,BT474_Phase_D3_2_01d16h00m_4.tif,0.24451717179304336,111,38,79,0.6548672566371682,0.7764593088779578
measurement-optimal,BT474_Phase_D3_2_01d16h00m_4.tif,0.24451717179304336,84,30,106,0.5526315789473685,0.788907876603712
connected components,BT474_Phase_D3_2_01d16h00m_4.tif,0.24451717179304336,20,24,170,0.17094017094017094,0.7998430311279631
detection-optimal,A172_Phase_C7_2_00d08h00m_3.tif,0.2461560301027109,71,36,10,0.7553191489361702,0.8078202657544069
balanced,A172_Phase_C7_2_00d08h00m_3.tif,0.2461560301027109,69,17,12,0.8263473053892215,0.8244860402586371
measurement-optimal,A172_Phase_C7_2_00d08h00m_3.tif,0.2461560301027109,63,7,18,0.8344370860927153,0.830706829286942
connected components,A172_Phase_C7_2_00d08h00m_3.tif,0.2461560301027109,27,15,54,0.43902439024390244,0.8050752893041169
detection-optimal,SkBr3_Phase_G3_2_01d04h00m_4.tif,0.24820141922529973,240,19,15,0.933852140077821,0.881913505822917
balanced,SkBr3_Phase_G3_2_01d04h00m_4.tif,0.24820141922529973,237,14,18,0.9367588932806324,0.8811714658197481
measurement-optimal,SkBr3_Phase_G3_2_01d04h00m_4.tif,0.24820141922529973,230,6,25,0.9368635437881874,0.8820495831577773
connected components,SkBr3_Phase_G3_2_01d04h00m_4.tif,0.24820141922529973,63,41,192,0.35097493036211697,0.8212724903025174
detection-optimal,MCF7_Phase_H4_1_01d12h00m_1.tif,0.2508744645979011,226,42,41,0.8448598130841122,0.7863693567874461
balanced,MCF7_Phase_H4_1_01d12h00m_1.tif,0.2508744645979011,210,37,57,0.8171206225680934,0.7899472122913804
measurement-optimal,MCF7_Phase_H4_1_01d12h00m_1.tif,0.2508744645979011,169,29,98,0.7268817204301076,0.7854760881904765
connected components,MCF7_Phase_H4_1_01d12h00m_1.tif,0.2508744645979011,11,25,256,0.07260726072607261,0.7080875416073439
detection-optimal,SkBr3_Phase_G3_1_01d12h00m_3.tif,0.2535568146306825,207,38,26,0.8661087866108786,0.7933825296507467
balanced,SkBr3_Phase_G3_1_01d12h00m_3.tif,0.2535568146306825,204,30,29,0.8736616702355461,0.7940364812965243
measurement-optimal,SkBr3_Phase_G3_1_01d12h00m_3.tif,0.2535568146306825,191,19,42,0.8623024830699775,0.8051249661497519
connected components,SkBr3_Phase_G3_1_01d12h00m_3.tif,0.2535568146306825,52,38,181,0.3219814241486068,0.7671421281942099
detection-optimal,Huh7_Phase_A12_1_03d12h00m_2.tif,0.25579998524912045,39,54,16,0.527027027027027,0.7847497118865298
balanced,Huh7_Phase_A12_1_03d12h00m_2.tif,0.25579998524912045,35,31,20,0.5785123966942148,0.7813661719428049
measurement-optimal,Huh7_Phase_A12_1_03d12h00m_2.tif,0.25579998524912045,27,8,28,0.6,0.7677402053152362
connected components,Huh7_Phase_A12_1_03d12h00m_2.tif,0.25579998524912045,7,21,48,0.1686746987951807,0.7998746410502331
detection-optimal,BT474_Phase_D3_2_03d12h00m_2.tif,0.2579885070203246,110,77,38,0.6567164179104478,0.7370913519544654
balanced,BT474_Phase_D3_2_03d12h00m_2.tif,0.2579885070203246,92,47,56,0.6411149825783972,0.7331624524954424
measurement-optimal,BT474_Phase_D3_2_03d12h00m_2.tif,0.2579885070203246,64,26,84,0.5378151260504201,0.7645860303982114
connected components,BT474_Phase_D3_2_03d12h00m_2.tif,0.2579885070203246,13,32,135,0.13471502590673576,0.7937916084668731
detection-optimal,SkBr3_Phase_G3_1_01d04h00m_4.tif,0.26204821541738377,246,32,15,0.9128014842300557,0.8184796898649157
balanced,SkBr3_Phase_G3_1_01d04h00m_4.tif,0.26204821541738377,234,29,27,0.8931297709923665,0.8172153137732129
measurement-optimal,SkBr3_Phase_G3_1_01d04h00m_4.tif,0.26204821541738377,225,22,36,0.8858267716535433,0.8162309205204393
connected components,SkBr3_Phase_G3_1_01d04h00m_4.tif,0.26204821541738377,39,46,222,0.2254335260115607,0.7788118572974007
detection-optimal,BT474_Phase_D3_2_02d00h00m_4.tif,0.26490034732843776,143,56,64,0.7044334975369458,0.7697239832496134
balanced,BT474_Phase_D3_2_02d00h00m_4.tif,0.26490034732843776,116,40,91,0.6391184573002755,0.77826616530605
measurement-optimal,BT474_Phase_D3_2_02d00h00m_4.tif,0.26490034732843776,80,28,127,0.5079365079365079,0.8049058846680317
connected components,BT474_Phase_D3_2_02d00h00m_4.tif,0.26490034732843776,24,31,183,0.183206106870229,0.7493219306036205
detection-optimal,BT474_Phase_D3_2_03d04h00m_4.tif,0.2675810895159557,146,74,34,0.73,0.7598925454960409
balanced,BT474_Phase_D3_2_03d04h00m_4.tif,0.2675810895159557,110,53,70,0.641399416909621,0.7759273816168643
measurement-optimal,BT474_Phase_D3_2_03d04h00m_4.tif,0.2675810895159557,76,32,104,0.5277777777777778,0.7935065832499338
connected components,BT474_Phase_D3_2_03d04h00m_4.tif,0.2675810895159557,11,44,169,0.09361702127659574,0.7607867283768459
detection-optimal,BT474_Phase_D3_2_02d04h00m_1.tif,0.2694433323317348,144,73,82,0.6501128668171557,0.757539539479057
balanced,BT474_Phase_D3_2_02d04h00m_1.tif,0.2694433323317348,106,41,120,0.5683646112600537,0.7740735641194941
measurement-optimal,BT474_Phase_D3_2_02d04h00m_1.tif,0.2694433323317348,71,35,155,0.42771084337349397,0.7794377277374722
connected components,BT474_Phase_D3_2_02d04h00m_1.tif,0.2694433323317348,17,43,209,0.11888111888111888,0.6706922170513856
detection-optimal,Huh7_Phase_A12_1_01d08h00m_1.tif,0.2733935830965909,71,24,41,0.6859903381642513,0.7597039583999707
balanced,Huh7_Phase_A12_1_01d08h00m_1.tif,0.2733935830965909,54,17,58,0.5901639344262295,0.7505358577949592
measurement-optimal,Huh7_Phase_A12_1_01d08h00m_1.tif,0.2733935830965909,38,13,74,0.4662576687116564,0.7625215166293496
connected components,Huh7_Phase_A12_1_01d08h00m_1.tif,0.2733935830965909,14,20,98,0.1917808219178082,0.7636482397681287
detection-optimal,SKOV3_Phase_F4_2_00d08h00m_4.tif,0.2762251001147293,40,62,17,0.5031446540880503,0.7571979376083575
balanced,SKOV3_Phase_F4_2_00d08h00m_4.tif,0.2762251001147293,39,46,18,0.5492957746478874,0.7771263154592727
measurement-optimal,SKOV3_Phase_F4_2_00d08h00m_4.tif,0.2762251001147293,39,25,18,0.6446280991735537,0.7855392093710569
connected components,SKOV3_Phase_F4_2_00d08h00m_4.tif,0.2762251001147293,9,10,48,0.23684210526315788,0.898599934103033
detection-optimal,SHSY5Y_Phase_A10_1_01d00h00m_1.tif,0.2787328040318988,183,108,229,0.5206258890469416,0.6930927098238462
balanced,SHSY5Y_Phase_A10_1_01d00h00m_1.tif,0.2787328040318988,145,89,267,0.44891640866873067,0.7009385777669759
measurement-optimal,SHSY5Y_Phase_A10_1_01d00h00m_1.tif,0.2787328040318988,99,70,313,0.3407917383820998,0.7015305842849473
connected components,SHSY5Y_Phase_A10_1_01d00h00m_1.tif,0.2787328040318988,2,46,410,0.008695652173913044,0.756827436323036
detection-optimal,MCF7_Phase_H4_2_01d20h00m_3.tif,0.2826228936298025,257,87,76,0.7592319054652881,0.7655505483842521
balanced,MCF7_Phase_H4_2_01d20h00m_3.tif,0.2826228936298025,197,68,136,0.6588628762541806,0.7744432980949648
measurement-optimal,MCF7_Phase_H4_2_01d20h00m_3.tif,0.2826228936298025,133,60,200,0.5057034220532319,0.792940888915565
connected components,MCF7_Phase_H4_2_01d20h00m_3.tif,0.2826228936298025,4,36,329,0.021447721179624665,0.9103568339649398
detection-optimal,Huh7_Phase_A12_1_01d12h00m_1.tif,0.28607259710991756,61,41,15,0.6853932584269663,0.7852666580306716
balanced,Huh7_Phase_A12_1_01d12h00m_1.tif,0.28607259710991756,57,24,19,0.7261146496815286,0.7922853158183524
measurement-optimal,Huh7_Phase_A12_1_01d12h00m_1.tif,0.28607259710991756,49,9,27,0.7313432835820896,0.8147667243785933
connected components,Huh7_Phase_A12_1_01d12h00m_1.tif,0.28607259710991756,19,12,57,0.35514018691588783,0.824726437910533
detection-optimal,SkBr3_Phase_G3_2_01d12h00m_3.tif,0.29087262688483756,310,31,40,0.8972503617945007,0.7768564712497329
balanced,SkBr3_Phase_G3_2_01d12h00m_3.tif,0.29087262688483756,301,28,49,0.8865979381443299,0.7752973062669142
measurement-optimal,SkBr3_Phase_G3_2_01d12h00m_3.tif,0.29087262688483756,290,19,60,0.8801213960546282,0.7739456366801796
connected components,SkBr3_Phase_G3_2_01d12h00m_3.tif,0.29087262688483756,45,54,305,0.20044543429844097,0.7360918762063777
detection-optimal,BT474_Phase_D3_2_04d04h00m_4.tif,0.29583683962522345,156,71,77,0.6782608695652174,0.7636849080453038
balanced,BT474_Phase_D3_2_04d04h00m_4.tif,0.29583683962522345,112,47,121,0.5714285714285714,0.7587278909647549
measurement-optimal,BT474_Phase_D3_2_04d04h00m_4.tif,0.29583683962522345,67,37,166,0.39762611275964393,0.783881138645577
connected components,BT474_Phase_D3_2_04d04h00m_4.tif,0.29583683962522345,9,36,224,0.06474820143884892,0.900116204239094
detection-optimal,BT474_Phase_D3_2_04d00h00m_4.tif,0.3010984829818557,146,83,108,0.6045548654244306,0.7061066612688774
balanced,BT474_Phase_D3_2_04d00h00m_4.tif,0.3010984829818557,114,52,140,0.5428571428571428,0.7085972714797196
measurement-optimal,BT474_Phase_D3_2_04d00h00m_4.tif,0.3010984829818557,76,33,178,0.418732782369146,0.7317430179556846
connected components,BT474_Phase_D3_2_04d00h00m_4.tif,0.3010984829818557,8,47,246,0.05177993527508091,0.8127690002665553
detection-optimal,BT474_Phase_D3_1_02d16h00m_2.tif,0.3055963431490378,152,81,70,0.6681318681318681,0.7327526537459361
balanced,BT474_Phase_D3_1_02d16h00m_2.tif,0.3055963431490378,120,54,102,0.6060606060606061,0.7346253584999501
measurement-optimal,BT474_Phase_D3_1_02d16h00m_2.tif,0.3055963431490378,65,37,157,0.4012345679012346,0.7827964712207366
connected components,BT474_Phase_D3_1_02d16h00m_2.tif,0.3055963431490378,10,34,212,0.07518796992481203,0.7771565012314173
detection-optimal,BV2_Phase_A4_1_02d08h00m_3.tif,0.30870919512129147,633,118,90,0.858887381275441,0.8528078801537415
balanced,BV2_Phase_A4_1_02d08h00m_3.tif,0.30870919512129147,611,107,112,0.8480222068008327,0.8554542326543181
measurement-optimal,BV2_Phase_A4_1_02d08h00m_3.tif,0.30870919512129147,499,107,224,0.7509405568096313,0.8511597467392675
connected components,BV2_Phase_A4_1_02d08h00m_3.tif,0.30870919512129147,43,75,680,0.10225921521997622,0.7966214104318309
detection-optimal,BT474_Phase_D3_1_03d00h00m_4.tif,0.31126220293377566,183,71,52,0.7484662576687117,0.7255146886941459
balanced,BT474_Phase_D3_1_03d00h00m_4.tif,0.31126220293377566,142,58,93,0.6528735632183909,0.733754915109219
measurement-optimal,BT474_Phase_D3_1_03d00h00m_4.tif,0.31126220293377566,91,44,144,0.4918918918918919,0.7359245495524386
connected components,BT474_Phase_D3_1_03d00h00m_4.tif,0.31126220293377566,12,30,223,0.08664259927797834,0.7596911876505299
detection-optimal,SkBr3_Phase_G3_1_01d20h00m_3.tif,0.31418102955638094,236,47,24,0.8692449355432781,0.887685672486536
balanced,SkBr3_Phase_G3_1_01d20h00m_3.tif,0.31418102955638094,233,36,27,0.8809073724007561,0.8830351788298252
measurement-optimal,SkBr3_Phase_G3_1_01d20h00m_3.tif,0.31418102955638094,220,22,40,0.8764940239043825,0.8869179203925878
connected components,SkBr3_Phase_G3_1_01d20h00m_3.tif,0.31418102955638094,45,30,215,0.26865671641791045,0.7839500432875329
detection-optimal,SHSY5Y_Phase_A10_1_01d04h00m_1.tif,0.3156873137019139,193,135,241,0.5065616797900262,0.6669903173354442
balanced,SHSY5Y_Phase_A10_1_01d04h00m_1.tif,0.3156873137019139,170,95,264,0.4864091559370529,0.6702145890174016
measurement-optimal,SHSY5Y_Phase_A10_1_01d04h00m_1.tif,0.3156873137019139,120,75,314,0.3815580286168522,0.6753940153790443
connected components,SHSY5Y_Phase_A10_1_01d04h00m_1.tif,0.3156873137019139,8,74,426,0.031007751937984496,0.7579466050118963
detection-optimal,Huh7_Phase_A12_2_02d20h00m_4.tif,0.32114998361013597,43,50,18,0.5584415584415584,0.7726003661598788
balanced,Huh7_Phase_A12_2_02d20h00m_4.tif,0.32114998361013597,36,32,25,0.5581395348837209,0.7362183178606679
measurement-optimal,Huh7_Phase_A12_2_02d20h00m_4.tif,0.32114998361013597,24,12,37,0.4948453608247423,0.7798223852927487
connected components,Huh7_Phase_A12_2_02d20h00m_4.tif,0.32114998361013597,9,12,52,0.21951219512195122,0.8417408724808433
detection-optimal,MCF7_Phase_H4_1_02d04h00m_2.tif,0.3271721474814176,281,245,71,0.6400911161731208,0.7517989029722274
balanced,MCF7_Phase_H4_1_02d04h00m_2.tif,0.3271721474814176,253,187,99,0.6388888888888888,0.7522365324183364
measurement-optimal,MCF7_Phase_H4_1_02d04h00m_2.tif,0.3271721474814176,188,120,164,0.5696969696969697,0.7637484384561528
connected components,MCF7_Phase_H4_1_02d04h00m_2.tif,0.3271721474814176,6,23,346,0.031496062992125984,0.8480563731433093
detection-optimal,Huh7_Phase_A12_1_02d08h00m_1.tif,0.33011470211429284,64,43,25,0.6530612244897959,0.7339461808695233
balanced,Huh7_Phase_A12_1_02d08h00m_1.tif,0.33011470211429284,54,31,35,0.6206896551724138,0.7339876508962037
measurement-optimal,Huh7_Phase_A12_1_02d08h00m_1.tif,0.33011470211429284,31,14,58,0.4626865671641791,0.8125316779182647
connected components,Huh7_Phase_A12_1_02d08h00m_1.tif,0.33011470211429284,13,15,76,0.2222222222222222,0.7695128671899312
detection-optimal,SKOV3_Phase_F4_2_00d12h00m_3.tif,0.3342511242078122,48,93,28,0.4423963133640553,0.7532280277885769
balanced,SKOV3_Phase_F4_2_00d12h00m_3.tif,0.3342511242078122,51,51,25,0.5730337078651685,0.7530708493451468
measurement-optimal,SKOV3_Phase_F4_2_00d12h00m_3.tif,0.3342511242078122,41,27,35,0.5694444444444444,0.7860044670255905
connected components,SKOV3_Phase_F4_2_00d12h00m_3.tif,0.3342511242078122,12,13,64,0.2376237623762376,0.8242706169423802
detection-optimal,BT474_Phase_D3_2_04d16h00m_1.tif,0.3384119685587869,204,128,117,0.6248085758039816,0.7275621940366779
balanced,BT474_Phase_D3_2_04d16h00m_1.tif,0.3384119685587869,130,87,191,0.483271375464684,0.7243647575739665
measurement-optimal,BT474_Phase_D3_2_04d16h00m_1.tif,0.3384119685587869,75,60,246,0.32894736842105265,0.7452103972272304
connected components,BT474_Phase_D3_2_04d16h00m_1.tif,0.3384119685587869,4,29,317,0.022598870056497175,0.790434561480391
detection-optimal,MCF7_Phase_H4_1_01d12h00m_4.tif,0.3423966313374308,304,92,93,0.7667087011349306,0.7596495152645024
balanced,MCF7_Phase_H4_1_01d12h00m_4.tif,0.3423966313374308,271,59,126,0.7455295735900963,0.7662605915008834
measurement-optimal,MCF7_Phase_H4_1_01d12h00m_4.tif,0.3423966313374308,203,55,194,0.6198473282442748,0.763350176922374
connected components,MCF7_Phase_H4_1_01d12h00m_4.tif,0.3423966313374308,8,32,389,0.036613272311212815,0.8094139853807779
detection-optimal,BT474_Phase_D3_1_03d16h00m_1.tif,0.34618983405266135,151,85,62,0.6726057906458798,0.724305160609304
balanced,BT474_Phase_D3_1_03d16h00m_1.tif,0.34618983405266135,104,51,109,0.5652173913043478,0.7513306086131029
measurement-optimal,BT474_Phase_D3_1_03d16h00m_1.tif,0.34618983405266135,68,28,145,0.4401294498381877,0.764896696955124
connected components,BT474_Phase_D3_1_03d16h00m_1.tif,0.34618983405266135,14,24,199,0.11155378486055777,0.7479062531412948
detection-optimal,BT474_Phase_D3_1_04d04h00m_2.tif,0.35446354348775805,192,91,113,0.6530612244897959,0.7231939335570705
balanced,BT474_Phase_D3_1_04d04h00m_2.tif,0.35446354348775805,122,68,183,0.49292929292929294,0.74149888270435
measurement-optimal,BT474_Phase_D3_1_04d04h00m_2.tif,0.35446354348775805,64,50,241,0.3054892601431981,0.7783144211154862
connected components,BT474_Phase_D3_1_04d04h00m_2.tif,0.35446354348775805,5,45,300,0.028169014084507043,0.7020834592228286
detection-optimal,SkBr3_Phase_G3_2_01d20h00m_4.tif,0.35836753441870717,296,20,36,0.9135802469135802,0.8539796037107952
balanced,SkBr3_Phase_G3_2_01d20h00m_4.tif,0.35836753441870717,289,19,43,0.903125,0.8549379433901455
measurement-optimal,SkBr3_Phase_G3_2_01d20h00m_4.tif,0.35836753441870717,272,18,60,0.8745980707395499,0.8593510777235953
connected components,SkBr3_Phase_G3_2_01d20h00m_4.tif,0.35836753441870717,42,37,290,0.20437956204379562,0.777526935496177
detection-optimal,MCF7_Phase_H4_2_02d04h00m_3.tif,0.36353467411494456,299,143,124,0.6913294797687861,0.7003257331090086
balanced,MCF7_Phase_H4_2_02d04h00m_3.tif,0.36353467411494456,248,111,175,0.6342710997442456,0.7070644214593582
measurement-optimal,MCF7_Phase_H4_2_02d04h00m_3.tif,0.36353467411494456,170,84,253,0.5022156573116692,0.7136010975117885
connected components,MCF7_Phase_H4_2_02d04h00m_3.tif,0.36353467411494456,3,29,420,0.013186813186813187,0.9097389113234184
detection-optimal,SHSY5Y_Phase_A10_2_02d04h00m_1.tif,0.3670018823754459,201,228,118,0.5374331550802139,0.6910989005053669
balanced,SHSY5Y_Phase_A10_2_02d04h00m_1.tif,0.3670018823754459,194,161,125,0.5756676557863502,0.700907513886524
measurement-optimal,SHSY5Y_Phase_A10_2_02d04h00m_1.tif,0.3670018823754459,139,105,180,0.4937833037300178,0.6958937389176691
connected components,SHSY5Y_Phase_A10_2_02d04h00m_1.tif,0.3670018823754459,6,102,313,0.02810304449648712,0.7728432842263877
detection-optimal,BT474_Phase_D3_1_03d04h00m_2.tif,0.3745985835063418,179,77,124,0.6404293381037567,0.7467058648970522
balanced,BT474_Phase_D3_1_03d04h00m_2.tif,0.3745985835063418,133,57,170,0.539553752535497,0.7529749888314852
measurement-optimal,BT474_Phase_D3_1_03d04h00m_2.tif,0.3745985835063418,74,41,229,0.35406698564593303,0.7536195562141448
connected components,BT474_Phase_D3_1_03d04h00m_2.tif,0.3745985835063418,12,41,291,0.06741573033707865,0.727796637171679
detection-optimal,SHSY5Y_Phase_A10_2_01d20h00m_2.tif,0.3784645772781993,248,143,274,0.5432639649507119,0.674881273877092
balanced,SHSY5Y_Phase_A10_2_01d20h00m_2.tif,0.3784645772781993,211,126,311,0.4912689173457509,0.6764001421340741
measurement-optimal,SHSY5Y_Phase_A10_2_01d20h00m_2.tif,0.3784645772781993,118,116,404,0.31216931216931215,0.6839022143045883
connected components,SHSY5Y_Phase_A10_2_01d20h00m_2.tif,0.3784645772781993,4,56,518,0.013745704467353952,0.7940218367488227
detection-optimal,SKOV3_Phase_F4_2_01d04h00m_4.tif,0.38646407738746497,53,113,29,0.4274193548387097,0.6898690299336802
balanced,SKOV3_Phase_F4_2_01d04h00m_4.tif,0.38646407738746497,58,70,24,0.5523809523809524,0.6950352035400158
measurement-optimal,SKOV3_Phase_F4_2_01d04h00m_4.tif,0.38646407738746497,62,41,20,0.6702702702702703,0.725810650960806
connected components,SKOV3_Phase_F4_2_01d04h00m_4.tif,0.38646407738746497,4,13,78,0.08080808080808081,0.7442038736123626
detection-optimal,BV2_Phase_A4_1_02d08h00m_4.tif,0.3919697257429994,829,158,193,0.8252862120457939,0.8274367759316862
balanced,BV2_Phase_A4_1_02d08h00m_4.tif,0.3919697257429994,793,138,229,0.8120839733742959,0.8275276018795883
measurement-optimal,BV2_Phase_A4_1_02d08h00m_4.tif,0.3919697257429994,593,162,429,0.6674169949352842,0.8402687088698351
connected components,BV2_Phase_A4_1_02d08h00m_4.tif,0.3919697257429994,26,89,996,0.04573438874230431,0.8314831921937229
detection-optimal,SkBr3_Phase_G3_2_02d00h00m_2.tif,0.39469046738417335,314,45,20,0.9062049062049062,0.8472627827445602
balanced,SkBr3_Phase_G3_2_02d00h00m_2.tif,0.39469046738417335,307,38,27,0.9042709867452136,0.8498822414995094
measurement-optimal,SkBr3_Phase_G3_2_02d00h00m_2.tif,0.39469046738417335,292,20,42,0.9040247678018576,0.8578512931330388
connected components,SkBr3_Phase_G3_2_02d00h00m_2.tif,0.39469046738417335,36,33,298,0.17866004962779156,0.8045912946982793
detection-optimal,SKOV3_Phase_F4_1_01d08h00m_4.tif,0.399681734183782,66,86,32,0.528,0.7620253337033946
balanced,SKOV3_Phase_F4_1_01d08h00m_4.tif,0.399681734183782,64,52,34,0.5981308411214953,0.7695828244741642
measurement-optimal,SKOV3_Phase_F4_1_01d08h00m_4.tif,0.399681734183782,60,24,38,0.6593406593406593,0.7969022925099191
connected components,SKOV3_Phase_F4_1_01d08h00m_4.tif,0.399681734183782,7,8,91,0.12389380530973451,0.8194973635054014
detection-optimal,Huh7_Phase_A12_1_03d16h00m_1.tif,0.4044489066597377,63,84,48,0.4883720930232558,0.7389293062804513
balanced,Huh7_Phase_A12_1_03d16h00m_1.tif,0.4044489066597377,50,42,61,0.49261083743842365,0.7438462019557756
measurement-optimal,Huh7_Phase_A12_1_03d16h00m_1.tif,0.4044489066597377,38,20,73,0.44970414201183434,0.7708601324863539
connected components,Huh7_Phase_A12_1_03d16h00m_1.tif,0.4044489066597377,7,17,104,0.1037037037037037,0.8433657364511371
detection-optimal,MCF7_Phase_H4_2_02d04h00m_1.tif,0.413338443373039,403,102,162,0.7532710280373832,0.7627167551631607
balanced,MCF7_Phase_H4_2_02d04h00m_1.tif,0.413338443373039,342,88,223,0.6874371859296482,0.7651050074267136
measurement-optimal,MCF7_Phase_H4_2_02d04h00m_1.tif,0.413338443373039,209,87,356,0.48548199767711964,0.7806828030179929
connected components,MCF7_Phase_H4_2_02d04h00m_1.tif,0.413338443373039,5,19,560,0.01697792869269949,0.7330510201707436
detection-optimal,SKOV3_Phase_F4_1_00d20h00m_3.tif,0.41587856438483767,55,97,27,0.4700854700854701,0.78346044701904
balanced,SKOV3_Phase_F4_1_00d20h00m_3.tif,0.41587856438483767,58,66,24,0.5631067961165048,0.78095936211898
measurement-optimal,SKOV3_Phase_F4_1_00d20h00m_3.tif,0.41587856438483767,57,20,25,0.7169811320754716,0.79255211488461
connected components,SKOV3_Phase_F4_1_00d20h00m_3.tif,0.41587856438483767,12,14,70,0.2222222222222222,0.8034774324242361
detection-optimal,Huh7_Phase_A12_1_03d12h00m_1.tif,0.4240123363745661,55,76,23,0.5263157894736842,0.7673199972726696
balanced,Huh7_Phase_A12_1_03d12h00m_1.tif,0.4240123363745661,45,37,33,0.5625,0.7789005888952213
measurement-optimal,Huh7_Phase_A12_1_03d12h00m_1.tif,0.4240123363745661,30,21,48,0.46511627906976744,0.794995476710559
connected components,Huh7_Phase_A12_1_03d12h00m_1.tif,0.4240123363745661,10,14,68,0.19607843137254902,0.8148462592990846
detection-optimal,A172_Phase_C7_1_01d00h00m_2.tif,0.43154772877512904,114,72,36,0.6785714285714286,0.7092391270852605
balanced,A172_Phase_C7_1_01d00h00m_2.tif,0.43154772877512904,92,41,58,0.6501766784452296,0.7213144355609616
measurement-optimal,A172_Phase_C7_1_01d00h00m_2.tif,0.43154772877512904,87,20,63,0.6770428015564203,0.7335295516256998
connected components,A172_Phase_C7_1_01d00h00m_2.tif,0.43154772877512904,4,17,146,0.04678362573099415,0.805155101227262
detection-optimal,MCF7_Phase_H4_2_02d04h00m_4.tif,0.4364957794744292,402,244,124,0.6860068259385665,0.6894063346681305
balanced,MCF7_Phase_H4_2_02d04h00m_4.tif,0.4364957794744292,349,195,177,0.6523364485981309,0.693283264187753
measurement-optimal,MCF7_Phase_H4_2_02d04h00m_4.tif,0.4364957794744292,247,140,279,0.5410733844468785,0.700917922577527
connected components,MCF7_Phase_H4_2_02d04h00m_4.tif,0.4364957794744292,3,38,523,0.010582010582010581,0.7101592356250171
detection-optimal,SkBr3_Phase_G3_2_02d12h00m_2.tif,0.44170379821349753,358,61,42,0.8742368742368742,0.8341320521995949
balanced,SkBr3_Phase_G3_2_02d12h00m_2.tif,0.44170379821349753,348,55,52,0.8667496886674969,0.8356446179464857
measurement-optimal,SkBr3_Phase_G3_2_02d12h00m_2.tif,0.44170379821349753,324,40,76,0.8481675392670157,0.8386127756185813
connected components,SkBr3_Phase_G3_2_02d12h00m_2.tif,0.44170379821349753,39,22,361,0.16919739696312364,0.7602918514238204
detection-optimal,SKOV3_Phase_E4_1_01d00h00m_4.tif,0.4465856183074776,55,79,21,0.5238095238095238,0.7558871155047974
balanced,SKOV3_Phase_E4_1_01d00h00m_4.tif,0.4465856183074776,61,46,15,0.6666666666666666,0.7690268286949486
measurement-optimal,SKOV3_Phase_E4_1_01d00h00m_4.tif,0.4465856183074776,58,16,18,0.7733333333333333,0.8054502810869172
connected components,SKOV3_Phase_E4_1_01d00h00m_4.tif,0.4465856183074776,10,11,66,0.20618556701030927,0.8264537433426884
detection-optimal,SkBr3_Phase_G3_1_02d08h00m_4.tif,0.45422548049605976,376,37,24,0.9249692496924969,0.8732934553948583
balanced,SkBr3_Phase_G3_1_02d08h00m_4.tif,0.45422548049605976,365,31,35,0.9170854271356784,0.8713529914351242
measurement-optimal,SkBr3_Phase_G3_1_02d08h00m_4.tif,0.45422548049605976,339,25,61,0.887434554973822,0.8729359125949416
connected components,SkBr3_Phase_G3_1_02d08h00m_4.tif,0.45422548049605976,32,25,368,0.1400437636761488,0.7810132925692959
detection-optimal,SkBr3_Phase_G3_2_02d16h00m_2.tif,0.4600719540810675,380,58,45,0.880648899188876,0.8405201515269872
balanced,SkBr3_Phase_G3_2_02d16h00m_2.tif,0.4600719540810675,372,52,53,0.8763250883392226,0.840683254837839
measurement-optimal,SkBr3_Phase_G3_2_02d16h00m_2.tif,0.4600719540810675,347,35,78,0.8599752168525403,0.8451340037402564
connected components,SkBr3_Phase_G3_2_02d16h00m_2.tif,0.4600719540810675,37,38,388,0.148,0.785105417579281
detection-optimal,SkBr3_Phase_G3_2_02d16h00m_4.tif,0.46839622896635746,362,58,45,0.875453446191052,0.8460751385805251
balanced,SkBr3_Phase_G3_2_02d16h00m_4.tif,0.46839622896635746,356,43,51,0.8833746898263027,0.8477723335845045
measurement-optimal,SkBr3_Phase_G3_2_02d16h00m_4.tif,0.46839622896635746,322,35,85,0.8429319371727748,0.8520657900056033
connected components,SkBr3_Phase_G3_2_02d16h00m_4.tif,0.46839622896635746,21,36,386,0.09051724137931035,0.740974335525677
detection-optimal,SHSY5Y_Phase_A10_1_02d00h00m_4.tif,0.4747732115931078,269,238,225,0.5374625374625375,0.6717155750506825
balanced,SHSY5Y_Phase_A10_1_02d00h00m_4.tif,0.4747732115931078,247,172,247,0.5410733844468785,0.675163054412248
measurement-optimal,SHSY5Y_Phase_A10_1_02d00h00m_4.tif,0.4747732115931078,178,130,316,0.44389027431421446,0.6763999030228826
connected components,SHSY5Y_Phase_A10_1_02d00h00m_4.tif,0.4747732115931078,6,91,488,0.02030456852791878,0.7345568724068344
detection-optimal,SKOV3_Phase_F4_1_00d08h00m_2.tif,0.47724969610468027,54,103,31,0.4462809917355372,0.7359327992252465
balanced,SKOV3_Phase_F4_1_00d08h00m_2.tif,0.47724969610468027,56,65,29,0.5436893203883495,0.7661698835402156
measurement-optimal,SKOV3_Phase_F4_1_00d08h00m_2.tif,0.47724969610468027,57,29,28,0.6666666666666666,0.7983698448249866
connected components,SKOV3_Phase_F4_1_00d08h00m_2.tif,0.47724969610468027,11,8,74,0.21153846153846154,0.8335012861298331
detection-optimal,MCF7_Phase_H4_2_02d12h00m_3.tif,0.4800029888275809,430,128,210,0.7178631051752922,0.7534876413105838
balanced,MCF7_Phase_H4_2_02d12h00m_3.tif,0.4800029888275809,359,120,281,0.6416443252904379,0.7620878653549381
measurement-optimal,MCF7_Phase_H4_2_02d12h00m_3.tif,0.4800029888275809,227,99,413,0.4699792960662526,0.7822769448894726
connected components,MCF7_Phase_H4_2_02d12h00m_3.tif,0.4800029888275809,4,17,636,0.012102874432677761,0.7271185808754538
detection-optimal,BV2_Phase_A4_2_02d04h00m_1.tif,0.48398587330638027,819,148,566,0.6964285714285714,0.8235898109537925
balanced,BV2_Phase_A4_2_02d04h00m_1.tif,0.48398587330638027,765,146,620,0.6663763066202091,0.8300197929686406
measurement-optimal,BV2_Phase_A4_2_02d04h00m_1.tif,0.48398587330638027,569,176,816,0.5342723004694836,0.837422840639981
connected components,BV2_Phase_A4_2_02d04h00m_1.tif,0.48398587330638027,27,76,1358,0.036290322580645164,0.8098802942085425
detection-optimal,SkBr3_Phase_G3_1_02d20h00m_4.tif,0.48855065217985205,404,79,60,0.853220696937698,0.8029136040543229
balanced,SkBr3_Phase_G3_1_02d20h00m_4.tif,0.48855065217985205,392,64,72,0.8521739130434782,0.802430894727211
measurement-optimal,SkBr3_Phase_G3_1_02d20h00m_4.tif,0.48855065217985205,371,42,93,0.8460661345496009,0.8050868125509669
connected components,SkBr3_Phase_G3_1_02d20h00m_4.tif,0.48855065217985205,21,34,443,0.08092485549132948,0.8266232165847613
detection-optimal,SkBr3_Phase_G3_1_03d00h00m_3.tif,0.49605373907341455,354,51,52,0.872996300863132,0.8679222352766351
balanced,SkBr3_Phase_G3_1_03d00h00m_3.tif,0.49605373907341455,345,34,61,0.8789808917197452,0.8691445529103966
measurement-optimal,SkBr3_Phase_G3_1_03d00h00m_3.tif,0.49605373907341455,325,20,81,0.8655126498002663,0.864690787671285
connected components,SkBr3_Phase_G3_1_03d00h00m_3.tif,0.49605373907341455,26,25,380,0.1137855579868709,0.7963925728674615
detection-optimal,SkBr3_Phase_G3_2_02d16h00m_1.tif,0.4994222103092321,426,76,75,0.8494516450648056,0.8450207595776972
balanced,SkBr3_Phase_G3_2_02d16h00m_1.tif,0.4994222103092321,418,64,83,0.8504577822990844,0.8460726109481279
measurement-optimal,SkBr3_Phase_G3_2_02d16h00m_1.tif,0.4994222103092321,394,31,107,0.8509719222462203,0.8482152300268168
connected components,SkBr3_Phase_G3_2_02d16h00m_1.tif,0.4994222103092321,22,28,479,0.07985480943738657,0.8204275506145374
detection-optimal,SkBr3_Phase_G3_2_02d12h00m_3.tif,0.5048875575011075,457,36,47,0.9167502507522568,0.8550392543159935
balanced,SkBr3_Phase_G3_2_02d12h00m_3.tif,0.5048875575011075,447,33,57,0.9085365853658537,0.854000295948454
measurement-optimal,SkBr3_Phase_G3_2_02d12h00m_3.tif,0.5048875575011075,421,26,83,0.8853838065194533,0.8501930071941615
connected components,SkBr3_Phase_G3_2_02d12h00m_3.tif,0.5048875575011075,44,30,460,0.1522491349480969,0.7700668365053246
detection-optimal,MCF7_Phase_H4_2_02d08h00m_4.tif,0.5124580397727344,489,197,477,0.5920096852300242,0.7373208877917475
balanced,MCF7_Phase_H4_2_02d08h00m_4.tif,0.5124580397727344,395,173,571,0.5149934810951761,0.7433243499758782
measurement-optimal,MCF7_Phase_H4_2_02d08h00m_4.tif,0.5124580397727344,248,145,718,0.36497424576894777,0.7500538238256802
connected components,MCF7_Phase_H4_2_02d08h00m_4.tif,0.5124580397727344,1,26,965,0.002014098690835851,0.9
detection-optimal,MCF7_Phase_H4_1_02d16h00m_3.tif,0.5184123916903419,472,128,185,0.750994431185362,0.7480085414283182
balanced,MCF7_Phase_H4_1_02d16h00m_3.tif,0.5184123916903419,352,106,305,0.6313901345291479,0.7626001005977134
measurement-optimal,MCF7_Phase_H4_1_02d16h00m_3.tif,0.5184123916903419,244,90,413,0.4924318869828456,0.7816399019220088
connected components,MCF7_Phase_H4_1_02d16h00m_3.tif,0.5184123916903419,1,22,656,0.0029411764705882353,0.9590163934426229
detection-optimal,MCF7_Phase_H4_2_02d08h00m_2.tif,0.5233171523984038,503,188,396,0.6327044025157232,0.7179668357402842
balanced,MCF7_Phase_H4_2_02d08h00m_2.tif,0.5233171523984038,373,166,526,0.5187760778859527,0.7296390886591642
measurement-optimal,MCF7_Phase_H4_2_02d08h00m_2.tif,0.5233171523984038,237,138,662,0.37205651491365777,0.748723722719008
connected components,MCF7_Phase_H4_2_02d08h00m_2.tif,0.5233171523984038,3,34,896,0.00641025641025641,0.7552823699385013
detection-optimal,SKOV3_Phase_F4_2_01d04h00m_1.tif,0.533097207031253,86,103,26,0.5714285714285714,0.7641303361601971
balanced,SKOV3_Phase_F4_2_01d04h00m_1.tif,0.533097207031253,85,55,27,0.6746031746031746,0.7601027280302152
measurement-optimal,SKOV3_Phase_F4_2_01d04h00m_1.tif,0.533097207031253,80,31,32,0.7174887892376681,0.7838769669768311
connected components,SKOV3_Phase_F4_2_01d04h00m_1.tif,0.533097207031253,9,5,103,0.14285714285714285,0.8588898756979739
detection-optimal,SHSY5Y_Phase_A10_2_03d12h00m_2.tif,0.5421557339925654,400,526,170,0.5347593582887701,0.6980025499690303
balanced,SHSY5Y_Phase_A10_2_03d12h00m_2.tif,0.5421557339925654,383,402,187,0.5653136531365314,0.6991473506461823
measurement-optimal,SHSY5Y_Phase_A10_2_03d12h00m_2.tif,0.5421557339925654,260,248,310,0.48237476808905383,0.7017558664861557
connected components,SHSY5Y_Phase_A10_2_03d12h00m_2.tif,0.5421557339925654,1,50,569,0.00322061191626409,0.869198312236287
detection-optimal,SkBr3_Phase_G3_1_02d20h00m_2.tif,0.5477818668050606,447,70,76,0.8596153846153847,0.8358848801774701
balanced,SkBr3_Phase_G3_1_02d20h00m_2.tif,0.5477818668050606,435,56,88,0.8579881656804734,0.8357845313129985
measurement-optimal,SkBr3_Phase_G3_1_02d20h00m_2.tif,0.5477818668050606,400,46,123,0.8255933952528379,0.838240869074147
connected components,SkBr3_Phase_G3_1_02d20h00m_2.tif,0.5477818668050606,15,18,508,0.0539568345323741,0.836396255666187
detection-optimal,SHSY5Y_Phase_A10_1_03d04h00m_2.tif,0.555995000819526,561,321,360,0.6222961730449251,0.6980934137269372
balanced,SHSY5Y_Phase_A10_1_03d04h00m_2.tif,0.555995000819526,489,262,432,0.5849282296650717,0.7003705926981941
measurement-optimal,SHSY5Y_Phase_A10_1_03d04h00m_2.tif,0.555995000819526,289,236,632,0.3997233748271093,0.7065377993890698
connected components,SHSY5Y_Phase_A10_1_03d04h00m_2.tif,0.555995000819526,2,83,919,0.003976143141153081,0.6158873467187711
detection-optimal,SKOV3_Phase_E4_2_01d16h00m_3.tif,0.5625551391772716,85,109,26,0.5573770491803278,0.7561192795265315
balanced,SKOV3_Phase_E4_2_01d16h00m_3.tif,0.5625551391772716,86,70,25,0.6441947565543071,0.7647386069138179
measurement-optimal,SKOV3_Phase_E4_2_01d16h00m_3.tif,0.5625551391772716,92,20,19,0.8251121076233184,0.7871490279630089
connected components,SKOV3_Phase_E4_2_01d16h00m_3.tif,0.5625551391772716,2,5,109,0.03389830508474576,0.9091109348841308
detection-optimal,SHSY5Y_Phase_A10_2_03d00h00m_1.tif,0.5715912898819915,268,377,254,0.4592973436161097,0.6601262426328739
balanced,SHSY5Y_Phase_A10_2_03d00h00m_1.tif,0.5715912898819915,261,305,261,0.4797794117647059,0.6577490639105775
measurement-optimal,SHSY5Y_Phase_A10_2_03d00h00m_1.tif,0.5715912898819915,235,177,287,0.5032119914346895,0.6569358997883504
connected components,SHSY5Y_Phase_A10_2_03d00h00m_1.tif,0.5715912898819915,1,97,521,0.0032258064516129032,0.6504201680672269
detection-optimal,SHSY5Y_Phase_A10_1_02d12h00m_1.tif,0.578865715827151,472,288,203,0.6578397212543554,0.6844935345451286
balanced,SHSY5Y_Phase_A10_1_02d12h00m_1.tif,0.578865715827151,414,222,261,0.631578947368421,0.6878160120679349
measurement-optimal,SHSY5Y_Phase_A10_1_02d12h00m_1.tif,0.578865715827151,254,161,421,0.46605504587155966,0.7078360684530738
connected components,SHSY5Y_Phase_A10_1_02d12h00m_1.tif,0.578865715827151,5,50,670,0.0136986301369863,0.8325210019839755
detection-optimal,MCF7_Phase_H4_2_02d16h00m_4.tif,0.5904265664609015,577,198,336,0.683649289099526,0.71053523366901
balanced,MCF7_Phase_H4_2_02d16h00m_4.tif,0.5904265664609015,437,166,476,0.5765171503957783,0.7193794934394696
measurement-optimal,MCF7_Phase_H4_2_02d16h00m_4.tif,0.5904265664609015,232,145,681,0.35968992248062015,0.7423573984329394
connected components,MCF7_Phase_H4_2_02d16h00m_4.tif,0.5904265664609015,1,55,912,0.0020639834881320948,0.8611111111111112
detection-optimal,A172_Phase_C7_1_01d16h00m_2.tif,0.6007283659309344,188,121,69,0.6643109540636042,0.7205017324977087
balanced,A172_Phase_C7_1_01d16h00m_2.tif,0.6007283659309344,160,75,97,0.6504065040650406,0.733824218194046
measurement-optimal,A172_Phase_C7_1_01d16h00m_2.tif,0.6007283659309344,127,55,130,0.5785876993166287,0.759201238913282
connected components,A172_Phase_C7_1_01d16h00m_2.tif,0.6007283659309344,4,6,253,0.0299625468164794,0.8825692405661388
detection-optimal,MCF7_Phase_H4_2_03d12h00m_3.tif,0.6106527433894278,650,251,329,0.6914893617021277,0.7420478582832895
balanced,MCF7_Phase_H4_2_03d12h00m_3.tif,0.6106527433894278,499,190,480,0.5983213429256595,0.7497195183203552
measurement-optimal,MCF7_Phase_H4_2_03d12h00m_3.tif,0.6106527433894278,291,162,688,0.4064245810055866,0.7676544316338094
connected components,MCF7_Phase_H4_2_03d12h00m_3.tif,0.6106527433894278,2,48,977,0.003887269193391642,0.5885714285714285
detection-optimal,MCF7_Phase_H4_2_03d16h00m_1.tif,0.6209018373033282,682,310,382,0.6634241245136187,0.736881379231636
balanced,MCF7_Phase_H4_2_03d16h00m_1.tif,0.6209018373033282,504,259,560,0.5517241379310345,0.7490014016470034
measurement-optimal,MCF7_Phase_H4_2_03d16h00m_1.tif,0.6209018373033282,304,200,760,0.3877551020408163,0.7611476569088123
connected components,MCF7_Phase_H4_2_03d16h00m_1.tif,0.6209018373033282,1,34,1063,0.0018198362147406734,0.5933333333333334
detection-optimal,SkBr3_Phase_G3_1_03d12h00m_2.tif,0.6285576287969953,502,124,75,0.8345802161263508,0.8398700421223744
balanced,SkBr3_Phase_G3_1_03d12h00m_2.tif,0.6285576287969953,486,106,91,0.8314798973481609,0.8435041639066472
measurement-optimal,SkBr3_Phase_G3_1_03d12h00m_2.tif,0.6285576287969953,453,56,124,0.8342541436464088,0.8461507562481559
connected components,SkBr3_Phase_G3_1_03d12h00m_2.tif,0.6285576287969953,27,6,550,0.08852459016393442,0.8516680709692814
detection-optimal,MCF7_Phase_H4_1_03d00h00m_4.tif,0.6384104037369063,621,219,504,0.6320610687022901,0.7144757350460663
balanced,MCF7_Phase_H4_1_03d00h00m_4.tif,0.6384104037369063,450,191,675,0.5096262740656852,0.7212121854032156
measurement-optimal,MCF7_Phase_H4_1_03d00h00m_4.tif,0.6384104037369063,257,174,868,0.33033419023136246,0.7416394231129892
connected components,MCF7_Phase_H4_1_03d00h00m_4.tif,0.6384104037369063,2,84,1123,0.0033030553261767133,0.7414940828402368
detection-optimal,MCF7_Phase_H4_2_03d16h00m_3.tif,0.6513928232899996,661,315,361,0.6616616616616616,0.7427723889734795
balanced,MCF7_Phase_H4_2_03d16h00m_3.tif,0.6513928232899996,509,259,513,0.5687150837988827,0.7487885946397059
measurement-optimal,MCF7_Phase_H4_2_03d16h00m_3.tif,0.6513928232899996,309,196,713,0.40471512770137524,0.7693201300722429
connected components,MCF7_Phase_H4_2_03d16h00m_3.tif,0.6513928232899996,0,35,1022,0.0,
detection-optimal,MCF7_Phase_H4_1_03d16h00m_1.tif,0.6570621958315337,608,199,343,0.6916951080773607,0.726809136856041
balanced,MCF7_Phase_H4_1_03d16h00m_1.tif,0.6570621958315337,466,176,485,0.5850596359070935,0.7339982031001931
measurement-optimal,MCF7_Phase_H4_1_03d16h00m_1.tif,0.6570621958315337,284,158,667,0.4077530509691314,0.7598661982019317
connected components,MCF7_Phase_H4_1_03d16h00m_1.tif,0.6570621958315337,3,54,948,0.005952380952380952,0.6470327449651331
detection-optimal,MCF7_Phase_H4_1_03d16h00m_4.tif,0.669893112434439,533,279,663,0.5308764940239044,0.7102450199041078
balanced,MCF7_Phase_H4_1_03d16h00m_4.tif,0.669893112434439,356,209,840,0.4043157296990346,0.7222456939045316
measurement-optimal,MCF7_Phase_H4_1_03d16h00m_4.tif,0.669893112434439,188,159,1008,0.2436811406351264,0.7446001857260102
connected components,MCF7_Phase_H4_1_03d16h00m_4.tif,0.669893112434439,3,118,1193,0.004555808656036446,0.6813352657999996
detection-optimal,SHSY5Y_Phase_A10_2_03d08h00m_2.tif,0.6793843464543432,487,356,379,0.5699239321240491,0.7060810834632907
balanced,SHSY5Y_Phase_A10_2_03d08h00m_2.tif,0.6793843464543432,418,280,448,0.5345268542199488,0.7117492648915348
measurement-optimal,SHSY5Y_Phase_A10_2_03d08h00m_2.tif,0.6793843464543432,304,160,562,0.45714285714285713,0.7249438367119811
connected components,SHSY5Y_Phase_A10_2_03d08h00m_2.tif,0.6793843464543432,4,50,862,0.008695652173913044,0.7955167237814722
detection-optimal,MCF7_Phase_H4_2_03d04h00m_1.tif,0.6885824105386741,729,181,455,0.6962750716332379,0.7594573641977472
balanced,MCF7_Phase_H4_2_03d04h00m_1.tif,0.6885824105386741,571,177,613,0.5910973084886129,0.7724816049872781
measurement-optimal,MCF7_Phase_H4_2_03d04h00m_1.tif,0.6885824105386741,365,152,819,0.42915931804820695,0.7849057932806802
connected components,MCF7_Phase_H4_2_03d04h00m_1.tif,0.6885824105386741,2,34,1182,0.003278688524590164,0.553175831705027
detection-optimal,SHSY5Y_Phase_A10_1_03d00h00m_3.tif,0.6974546216674177,598,290,388,0.6382070437566703,0.6988881328043831
balanced,SHSY5Y_Phase_A10_1_03d00h00m_3.tif,0.6974546216674177,511,227,475,0.5928074245939675,0.6978379602320754
measurement-optimal,SHSY5Y_Phase_A10_1_03d00h00m_3.tif,0.6974546216674177,298,200,688,0.40161725067385445,0.7142821925609991
connected components,SHSY5Y_Phase_A10_1_03d00h00m_3.tif,0.6974546216674177,0,58,986,0.0,
detection-optimal,SHSY5Y_Phase_A10_2_03d12h00m_3.tif,0.7052448098776425,480,348,255,0.6142034548944337,0.687783110287637
balanced,SHSY5Y_Phase_A10_2_03d12h00m_3.tif,0.7052448098776425,445,267,290,0.6150656530753282,0.6913043892281819
measurement-optimal,SHSY5Y_Phase_A10_2_03d12h00m_3.tif,0.7052448098776425,301,181,434,0.49465899753492193,0.6975785152001567
connected components,SHSY5Y_Phase_A10_2_03d12h00m_3.tif,0.7052448098776425,1,56,734,0.0025252525252525255,0.7747747747747747
detection-optimal,SKOV3_Phase_E4_2_01d20h00m_1.tif,0.7193748311844445,117,116,34,0.609375,0.762823447382536
balanced,SKOV3_Phase_E4_2_01d20h00m_1.tif,0.7193748311844445,114,75,37,0.6705882352941176,0.7922416195134365
measurement-optimal,SKOV3_Phase_E4_2_01d20h00m_1.tif,0.7193748311844445,112,30,39,0.764505119453925,0.8156093993430094
connected components,SKOV3_Phase_E4_2_01d20h00m_1.tif,0.7193748311844445,3,6,148,0.0375,0.6353809627978398
detection-optimal,SKOV3_Phase_E4_1_01d20h00m_3.tif,0.7303139457222537,118,101,43,0.6210526315789474,0.8015886954801064
balanced,SKOV3_Phase_E4_1_01d20h00m_3.tif,0.7303139457222537,119,57,42,0.7062314540059347,0.8141266541126875
measurement-optimal,SKOV3_Phase_E4_1_01d20h00m_3.tif,0.7303139457222537,114,25,47,0.76,0.8289389383980921
connected components,SKOV3_Phase_E4_1_01d20h00m_3.tif,0.7303139457222537,0,4,161,0.0,
detection-optimal,MCF7_Phase_H4_2_03d12h00m_4.tif,0.7424107649967018,633,339,644,0.5629168519341929,0.6815103711948373
balanced,MCF7_Phase_H4_2_03d12h00m_4.tif,0.7424107649967018,454,280,823,0.45151665837891597,0.6894612392894576
measurement-optimal,MCF7_Phase_H4_2_03d12h00m_4.tif,0.7424107649967018,246,201,1031,0.2853828306264501,0.7093267014461483
connected components,MCF7_Phase_H4_2_03d12h00m_4.tif,0.7424107649967018,3,86,1274,0.004392386530014641,0.6640325985789199
detection-optimal,SHSY5Y_Phase_A10_1_02d16h00m_3.tif,0.7555354275021944,393,386,335,0.5215660252156602,0.6756886430531457
balanced,SHSY5Y_Phase_A10_1_02d16h00m_3.tif,0.7555354275021944,372,306,356,0.5291607396870555,0.6749557770442819
measurement-optimal,SHSY5Y_Phase_A10_1_02d16h00m_3.tif,0.7555354275021944,267,192,461,0.44987363100252736,0.6818104924024863
connected components,SHSY5Y_Phase_A10_1_02d16h00m_3.tif,0.7555354275021944,0,25,728,0.0,
detection-optimal,SKOV3_Phase_E4_1_01d20h00m_4.tif,0.7662621627786228,108,129,35,0.5684210526315789,0.7209605366076187
balanced,SKOV3_Phase_E4_1_01d20h00m_4.tif,0.7662621627786228,102,91,41,0.6071428571428571,0.742909766121279
measurement-optimal,SKOV3_Phase_E4_1_01d20h00m_4.tif,0.7662621627786228,110,34,33,0.7665505226480837,0.7552521417497705
connected components,SKOV3_Phase_E4_1_01d20h00m_4.tif,0.7662621627786228,0,28,143,0.0,
detection-optimal,A172_Phase_C7_1_02d04h00m_3.tif,0.7970271971973428,203,150,80,0.6383647798742138,0.734961543452587
balanced,A172_Phase_C7_1_02d04h00m_3.tif,0.7970271971973428,189,75,94,0.6910420475319927,0.742024973045834
measurement-optimal,A172_Phase_C7_1_02d04h00m_3.tif,0.7970271971973428,136,55,147,0.5738396624472574,0.7649682492796176
connected components,A172_Phase_C7_1_02d04h00m_3.tif,0.7970271971973428,4,4,279,0.027491408934707903,0.9296326705763056
detection-optimal,SKOV3_Phase_E4_2_02d08h00m_3.tif,0.8169037991695806,147,129,39,0.6363636363636364,0.7486758624565227
balanced,SKOV3_Phase_E4_2_02d08h00m_3.tif,0.8169037991695806,138,94,48,0.6602870813397129,0.7576334107321796
measurement-optimal,SKOV3_Phase_E4_2_02d08h00m_3.tif,0.8169037991695806,121,50,65,0.6778711484593838,0.7703112927060202
connected components,SKOV3_Phase_E4_2_02d08h00m_3.tif,0.8169037991695806,0,1,186,0.0,
detection-optimal,SKOV3_Phase_F4_2_02d00h00m_2.tif,0.8353401102218054,120,157,44,0.54421768707483,0.7608760022746431
balanced,SKOV3_Phase_F4_2_02d00h00m_2.tif,0.8353401102218054,117,108,47,0.6015424164524421,0.7682630554422548
measurement-optimal,SKOV3_Phase_F4_2_02d00h00m_2.tif,0.8353401102218054,103,55,61,0.639751552795031,0.7792574847157324
connected components,SKOV3_Phase_F4_2_02d00h00m_2.tif,0.8353401102218054,2,2,162,0.023809523809523808,0.7360554877286754
detection-optimal,A172_Phase_C7_1_02d08h00m_3.tif,0.8501440187937074,238,132,77,0.6948905109489051,0.7278106667993934
balanced,A172_Phase_C7_1_02d08h00m_3.tif,0.8501440187937074,217,79,98,0.7103109656301145,0.7301331878157408
measurement-optimal,A172_Phase_C7_1_02d08h00m_3.tif,0.8501440187937074,169,54,146,0.6282527881040892,0.7413996055853147
connected components,A172_Phase_C7_1_02d08h00m_3.tif,0.8501440187937074,0,1,315,0.0,
detection-optimal,A172_Phase_C7_1_03d00h00m_4.tif,0.8620447156359266,281,244,144,0.5915789473684211,0.6887192268285766
balanced,A172_Phase_C7_1_03d00h00m_4.tif,0.8620447156359266,196,119,229,0.5297297297297298,0.6930827036532846
measurement-optimal,A172_Phase_C7_1_03d00h00m_4.tif,0.8620447156359266,73,63,352,0.26024955436720143,0.7064900362384368
connected components,A172_Phase_C7_1_03d00h00m_4.tif,0.8620447156359266,0,1,425,0.0,
detection-optimal,SKOV3_Phase_E4_1_01d16h00m_1.tif,0.8747186774748732,153,133,66,0.6059405940594059,0.76518329102037
balanced,SKOV3_Phase_E4_1_01d16h00m_1.tif,0.8747186774748732,149,87,70,0.654945054945055,0.7528822100316628
measurement-optimal,SKOV3_Phase_E4_1_01d16h00m_1.tif,0.8747186774748732,129,44,90,0.6581632653061225,0.793236543093066
connected components,SKOV3_Phase_E4_1_01d16h00m_1.tif,0.8747186774748732,1,2,218,0.009009009009009009,0.5807560137457045
detection-optimal,A172_Phase_C7_1_02d04h00m_2.tif,0.8854136446951517,255,153,113,0.6572164948453608,0.7240930490181555
balanced,A172_Phase_C7_1_02d04h00m_2.tif,0.8854136446951517,217,96,151,0.6372980910425844,0.7413966303882622
measurement-optimal,A172_Phase_C7_1_02d04h00m_2.tif,0.8854136446951517,163,59,205,0.5525423728813559,0.7467618829432342
connected components,A172_Phase_C7_1_02d04h00m_2.tif,0.8854136446951517,0,1,368,0.0,
detection-optimal,SKOV3_Phase_E4_2_02d04h00m_1.tif,0.8975688833042059,151,154,47,0.6003976143141153,0.7525075032199893
balanced,SKOV3_Phase_E4_2_02d04h00m_1.tif,0.8975688833042059,149,116,49,0.6436285097192225,0.7568402164942533
measurement-optimal,SKOV3_Phase_E4_2_02d04h00m_1.tif,0.8975688833042059,153,46,45,0.7707808564231738,0.7809326784885301
connected components,SKOV3_Phase_E4_2_02d04h00m_1.tif,0.8975688833042059,0,1,198,0.0,
detection-optimal,A172_Phase_C7_2_02d12h00m_2.tif,0.9088310596044596,268,192,137,0.6196531791907515,0.6717593459335643
balanced,A172_Phase_C7_2_02d12h00m_2.tif,0.9088310596044596,205,104,200,0.5742296918767507,0.6819347197606329
measurement-optimal,A172_Phase_C7_2_02d12h00m_2.tif,0.9088310596044596,121,83,284,0.3973727422003284,0.699088104063243
connected components,A172_Phase_C7_2_02d12h00m_2.tif,0.9088310596044596,0,1,405,0.0,
detection-optimal,SKOV3_Phase_F4_1_02d08h00m_1.tif,0.9184109508850459,155,171,50,0.583804143126177,0.753707388342587
balanced,SKOV3_Phase_F4_1_02d08h00m_1.tif,0.9184109508850459,148,118,57,0.6284501061571125,0.7537791079145141
measurement-optimal,SKOV3_Phase_F4_1_02d08h00m_1.tif,0.9184109508850459,144,44,61,0.732824427480916,0.772490060645525
connected components,SKOV3_Phase_F4_1_02d08h00m_1.tif,0.9184109508850459,0,2,205,0.0,
detection-optimal,SKOV3_Phase_F4_2_02d12h00m_2.tif,0.9283730833424411,142,147,68,0.5691382765531062,0.7119778829275737
balanced,SKOV3_Phase_F4_2_02d12h00m_2.tif,0.9283730833424411,136,78,74,0.6415094339622641,0.7128747740988781
measurement-optimal,SKOV3_Phase_F4_2_02d12h00m_2.tif,0.9283730833424411,135,32,75,0.7161803713527851,0.7394143536304406
connected components,SKOV3_Phase_F4_2_02d12h00m_2.tif,0.9283730833424411,0,1,210,0.0,
detection-optimal,SKOV3_Phase_E4_1_02d12h00m_3.tif,0.9339451140461158,178,121,49,0.6768060836501901,0.7415199555201115
balanced,SKOV3_Phase_E4_1_02d12h00m_3.tif,0.9339451140461158,161,96,66,0.6652892561983471,0.755762632361205
measurement-optimal,SKOV3_Phase_E4_1_02d12h00m_3.tif,0.9339451140461158,162,29,65,0.7751196172248804,0.7599105291002656
connected components,SKOV3_Phase_E4_1_02d12h00m_3.tif,0.9339451140461158,0,1,227,0.0,
detection-optimal,A172_Phase_C7_2_02d16h00m_3.tif,0.9406114744044988,264,205,163,0.5892857142857143,0.6793169250596756
balanced,A172_Phase_C7_2_02d16h00m_3.tif,0.9406114744044988,202,123,225,0.5372340425531915,0.6835625440613119
measurement-optimal,A172_Phase_C7_2_02d16h00m_3.tif,0.9406114744044988,101,73,326,0.33610648918469216,0.6860216822850317
connected components,A172_Phase_C7_2_02d16h00m_3.tif,0.9406114744044988,0,1,427,0.0,
detection-optimal,SKOV3_Phase_F4_2_02d16h00m_1.tif,0.9446921402425666,188,161,80,0.6094003241491086,0.7344085811253482
balanced,SKOV3_Phase_F4_2_02d16h00m_1.tif,0.9446921402425666,183,102,85,0.6618444846292948,0.7390187471135296
measurement-optimal,SKOV3_Phase_F4_2_02d16h00m_1.tif,0.9446921402425666,152,51,116,0.6454352441613588,0.7543631611138016
connected components,SKOV3_Phase_F4_2_02d16h00m_1.tif,0.9446921402425666,0,1,268,0.0,
detection-optimal,SKOV3_Phase_F4_1_02d08h00m_2.tif,0.9484073309112935,173,127,48,0.6641074856046065,0.7404946109218624
balanced,SKOV3_Phase_F4_1_02d08h00m_2.tif,0.9484073309112935,172,71,49,0.7413793103448276,0.7434843357386661
measurement-optimal,SKOV3_Phase_F4_1_02d08h00m_2.tif,0.9484073309112935,136,42,85,0.681704260651629,0.7761444039731541
connected components,SKOV3_Phase_F4_1_02d08h00m_2.tif,0.9484073309112935,0,1,221,0.0,
